생성시간, 예측시간, 지점코드, 선박명, 운항지점, 지수, 지수단계, 수정사유
2021-07-14,2021-07-14 00:00,YP_0001_01,플라잉카페리,인천-연평(1구간),4,LV1,00
2021-07-14,2021-07-14 06:00,YP_0001_01,플라잉카페리,인천-연평(1구간),4,LV1,00
2021-07-14,2021-07-14 12:00,YP_0001_01,플라잉카페리,인천-연평(1구간),4,LV1,00
2021-07-14,2021-07-14 18:00,YP_0001_01,플라잉카페리,인천-연평(1구간),4,LV1,00
2021-07-14,2021-07-15 00:00,YP_0001_01,플라잉카페리,인천-연평(1구간),4,LV1,00
2021-07-14,2021-07-15 06:00,YP_0001_01,플라잉카페리,인천-연평(1구간),4,LV1,00
2021-07-14,2021-07-15 12:00,YP_0001_01,플라잉카페리,인천-연평(1구간),4,LV1,00
2021-07-14,2021-07-15 18:00,YP_0001_01,플라잉카페리,인천-연평(1구간),4,LV1,00
2021-07-14,2021-07-16 00:00,YP_0001_01,플라잉카페리,인천-연평(1구간),4,LV1,00
2021-07-14,2021-07-16 06:00,YP_0001_01,플라잉카페리,인천-연평(1구간),4,LV1,00
2021-07-14,2021-07-16 12:00,YP_0001_01,플라잉카페리,인천-연평(1구간),4,LV1,00
2021-07-14,2021-07-16 18:00,YP_0001_01,플라잉카페리,인천-연평(1구간),4,LV1,00
2021-07-14,2021-07-14 00:00,YP_0002_01,플라잉카페리,인천-연평(2구간),3,LV2,00
2021-07-14,2021-07-14 06:00,YP_0002_01,플라잉카페리,인천-연평(2구간),3,LV2,00
2021-07-14,2021-07-14 12:00,YP_0002_01,플라잉카페리,인천-연평(2구간),3,LV2,00
2021-07-14,2021-07-14 18:00,YP_0002_01,플라잉카페리,인천-연평(2구간),3,LV2,00
2021-07-14,2021-07-15 00:00,YP_0002_01,플라잉카페리,인천-연평(2구간),3,LV2,00
2021-07-14,2021-07-15 06:00,YP_0002_01,플라잉카페리,인천-연평(2구간),3,LV2,00
2021-07-14,2021-07-15 12:00,YP_0002_01,플라잉카페리,인천-연평(2구간),3,LV2,00
2021-07-14,2021-07-15 18:00,YP_0002_01,플라잉카페리,인천-연평(2구간),3,LV2,00
2021-07-14,2021-07-16 00:00,YP_0002_01,플라잉카페리,인천-연평(2구간),3,LV2,00
2021-07-14,2021-07-16 06:00,YP_0002_01,플라잉카페리,인천-연평(2구간),3,LV2,00
2021-07-14,2021-07-16 12:00,YP_0002_01,플라잉카페리,인천-연평(2구간),3,LV2,00
2021-07-14,2021-07-16 18:00,YP_0002_01,플라잉카페리,인천-연평(2구간),3,LV2,00
2021-07-14,2021-07-14 00:00,BR_0001_01,코리아킹,인천-백령(1구간),4,LV1,00
2021-07-14,2021-07-14 06:00,BR_0001_01,코리아킹,인천-백령(1구간),4,LV1,00
2021-07-14,2021-07-14 12:00,BR_0001_01,코리아킹,인천-백령(1구간),4,LV1,00
2021-07-14,2021-07-14 18:00,BR_0001_01,코리아킹,인천-백령(1구간),4,LV1,00
2021-07-14,2021-07-15 00:00,BR_0001_01,코리아킹,인천-백령(1구간),4,LV1,00
2021-07-14,2021-07-15 06:00,BR_0001_01,코리아킹,인천-백령(1구간),4,LV1,00
2021-07-14,2021-07-15 12:00,BR_0001_01,코리아킹,인천-백령(1구간),4,LV1,00
2021-07-14,2021-07-15 18:00,BR_0001_01,코리아킹,인천-백령(1구간),4,LV1,00
2021-07-14,2021-07-16 00:00,BR_0001_01,코리아킹,인천-백령(1구간),4,LV1,00
2021-07-14,2021-07-16 06:00,BR_0001_01,코리아킹,인천-백령(1구간),4,LV1,00
2021-07-14,2021-07-16 12:00,BR_0001_01,코리아킹,인천-백령(1구간),4,LV1,00
2021-07-14,2021-07-16 18:00,BR_0001_01,코리아킹,인천-백령(1구간),4,LV1,00
2021-07-14,2021-07-14 00:00,BR_0002_01,코리아킹,인천-백령(2구간),3,LV2,00
2021-07-14,2021-07-14 06:00,BR_0002_01,코리아킹,인천-백령(2구간),3,LV2,00
2021-07-14,2021-07-14 12:00,BR_0002_01,코리아킹,인천-백령(2구간),3,LV2,00
2021-07-14,2021-07-14 18:00,BR_0002_01,코리아킹,인천-백령(2구간),3,LV2,00
2021-07-14,2021-07-15 00:00,BR_0002_01,코리아킹,인천-백령(2구간),3,LV2,00
2021-07-14,2021-07-15 06:00,BR_0002_01,코리아킹,인천-백령(2구간),3,LV2,00
2021-07-14,2021-07-15 12:00,BR_0002_01,코리아킹,인천-백령(2구간),3,LV2,00
2021-07-14,2021-07-15 18:00,BR_0002_01,코리아킹,인천-백령(2구간),3,LV2,00
2021-07-14,2021-07-16 00:00,BR_0002_01,코리아킹,인천-백령(2구간),3,LV2,00
2021-07-14,2021-07-16 06:00,BR_0002_01,코리아킹,인천-백령(2구간),3,LV2,00
2021-07-14,2021-07-16 12:00,BR_0002_01,코리아킹,인천-백령(2구간),3,LV2,00
2021-07-14,2021-07-16 18:00,BR_0002_01,코리아킹,인천-백령(2구간),3,LV2,00
2021-07-14,2021-07-14 00:00,BR_0003_01,코리아킹,인천-백령(3구간),3,LV2,00
2021-07-14,2021-07-14 06:00,BR_0003_01,코리아킹,인천-백령(3구간),3,LV2,00
2021-07-14,2021-07-14 12:00,BR_0003_01,코리아킹,인천-백령(3구간),3,LV2,00
2021-07-14,2021-07-14 18:00,BR_0003_01,코리아킹,인천-백령(3구간),3,LV2,00
2021-07-14,2021-07-15 00:00,BR_0003_01,코리아킹,인천-백령(3구간),3,LV2,00
2021-07-14,2021-07-15 06:00,BR_0003_01,코리아킹,인천-백령(3구간),3,LV2,00
2021-07-14,2021-07-15 12:00,BR_0003_01,코리아킹,인천-백령(3구간),3,LV2,00
2021-07-14,2021-07-15 18:00,BR_0003_01,코리아킹,인천-백령(3구간),3,LV2,00
2021-07-14,2021-07-16 00:00,BR_0003_01,코리아킹,인천-백령(3구간),3,LV2,00
2021-07-14,2021-07-16 06:00,BR_0003_01,코리아킹,인천-백령(3구간),3,LV2,00
2021-07-14,2021-07-16 12:00,BR_0003_01,코리아킹,인천-백령(3구간),3,LV2,00
2021-07-14,2021-07-16 18:00,BR_0003_01,코리아킹,인천-백령(3구간),3,LV2,00
2021-07-14,2021-07-14 00:00,BR_0001_02,하모니플라워,인천-백령(1구간),4,LV1,00
2021-07-14,2021-07-14 06:00,BR_0001_02,하모니플라워,인천-백령(1구간),4,LV1,00
2021-07-14,2021-07-14 12:00,BR_0001_02,하모니플라워,인천-백령(1구간),4,LV1,00
2021-07-14,2021-07-14 18:00,BR_0001_02,하모니플라워,인천-백령(1구간),4,LV1,00
2021-07-14,2021-07-15 00:00,BR_0001_02,하모니플라워,인천-백령(1구간),4,LV1,00
2021-07-14,2021-07-15 06:00,BR_0001_02,하모니플라워,인천-백령(1구간),4,LV1,00
2021-07-14,2021-07-15 12:00,BR_0001_02,하모니플라워,인천-백령(1구간),4,LV1,00
2021-07-14,2021-07-15 18:00,BR_0001_02,하모니플라워,인천-백령(1구간),4,LV1,00
2021-07-14,2021-07-16 00:00,BR_0001_02,하모니플라워,인천-백령(1구간),4,LV1,00
2021-07-14,2021-07-16 06:00,BR_0001_02,하모니플라워,인천-백령(1구간),4,LV1,00
2021-07-14,2021-07-16 12:00,BR_0001_02,하모니플라워,인천-백령(1구간),4,LV1,00
2021-07-14,2021-07-16 18:00,BR_0001_02,하모니플라워,인천-백령(1구간),4,LV1,00
2021-07-14,2021-07-14 00:00,BR_0002_02,하모니플라워,인천-백령(2구간),3,LV2,00
2021-07-14,2021-07-14 06:00,BR_0002_02,하모니플라워,인천-백령(2구간),3,LV2,00
2021-07-14,2021-07-14 12:00,BR_0002_02,하모니플라워,인천-백령(2구간),3,LV2,00
2021-07-14,2021-07-14 18:00,BR_0002_02,하모니플라워,인천-백령(2구간),3,LV2,00
2021-07-14,2021-07-15 00:00,BR_0002_02,하모니플라워,인천-백령(2구간),3,LV2,00
2021-07-14,2021-07-15 06:00,BR_0002_02,하모니플라워,인천-백령(2구간),3,LV2,00
2021-07-14,2021-07-15 12:00,BR_0002_02,하모니플라워,인천-백령(2구간),3,LV2,00
2021-07-14,2021-07-15 18:00,BR_0002_02,하모니플라워,인천-백령(2구간),3,LV2,00
2021-07-14,2021-07-16 00:00,BR_0002_02,하모니플라워,인천-백령(2구간),4,LV1,00
2021-07-14,2021-07-16 06:00,BR_0002_02,하모니플라워,인천-백령(2구간),4,LV1,00
2021-07-14,2021-07-16 12:00,BR_0002_02,하모니플라워,인천-백령(2구간),4,LV1,00
2021-07-14,2021-07-16 18:00,BR_0002_02,하모니플라워,인천-백령(2구간),4,LV1,00
2021-07-14,2021-07-14 00:00,BR_0003_02,하모니플라워,인천-백령(3구간),3,LV2,00
2021-07-14,2021-07-14 06:00,BR_0003_02,하모니플라워,인천-백령(3구간),3,LV2,00
2021-07-14,2021-07-14 12:00,BR_0003_02,하모니플라워,인천-백령(3구간),3,LV2,00
2021-07-14,2021-07-14 18:00,BR_0003_02,하모니플라워,인천-백령(3구간),3,LV2,00
2021-07-14,2021-07-15 00:00,BR_0003_02,하모니플라워,인천-백령(3구간),3,LV2,00
2021-07-14,2021-07-15 06:00,BR_0003_02,하모니플라워,인천-백령(3구간),3,LV2,00
2021-07-14,2021-07-15 12:00,BR_0003_02,하모니플라워,인천-백령(3구간),3,LV2,00
2021-07-14,2021-07-15 18:00,BR_0003_02,하모니플라워,인천-백령(3구간),3,LV2,00
2021-07-14,2021-07-16 00:00,BR_0003_02,하모니플라워,인천-백령(3구간),4,LV1,00
2021-07-14,2021-07-16 06:00,BR_0003_02,하모니플라워,인천-백령(3구간),4,LV1,00
2021-07-14,2021-07-16 12:00,BR_0003_02,하모니플라워,인천-백령(3구간),4,LV1,00
2021-07-14,2021-07-16 18:00,BR_0003_02,하모니플라워,인천-백령(3구간),4,LV1,00
2021-07-14,2021-07-14 00:00,GS_0001_01,뉴어청훼리,군산-어청(1구간),3,LV2,00
2021-07-14,2021-07-14 06:00,GS_0001_01,뉴어청훼리,군산-어청(1구간),3,LV2,00
2021-07-14,2021-07-14 12:00,GS_0001_01,뉴어청훼리,군산-어청(1구간),3,LV2,00
2021-07-14,2021-07-14 18:00,GS_0001_01,뉴어청훼리,군산-어청(1구간),3,LV2,00
2021-07-14,2021-07-15 00:00,GS_0001_01,뉴어청훼리,군산-어청(1구간),3,LV2,00
2021-07-14,2021-07-15 06:00,GS_0001_01,뉴어청훼리,군산-어청(1구간),3,LV2,00
2021-07-14,2021-07-15 12:00,GS_0001_01,뉴어청훼리,군산-어청(1구간),3,LV2,00
2021-07-14,2021-07-15 18:00,GS_0001_01,뉴어청훼리,군산-어청(1구간),3,LV2,00
2021-07-14,2021-07-16 00:00,GS_0001_01,뉴어청훼리,군산-어청(1구간),3,LV2,00
2021-07-14,2021-07-16 06:00,GS_0001_01,뉴어청훼리,군산-어청(1구간),3,LV2,00
2021-07-14,2021-07-16 12:00,GS_0001_01,뉴어청훼리,군산-어청(1구간),3,LV2,00
2021-07-14,2021-07-16 18:00,GS_0001_01,뉴어청훼리,군산-어청(1구간),3,LV2,00
2021-07-14,2021-07-14 00:00,GS_0002_01,뉴어청훼리,군산-어청(2구간),2,LV3,00
2021-07-14,2021-07-14 06:00,GS_0002_01,뉴어청훼리,군산-어청(2구간),2,LV3,00
2021-07-14,2021-07-14 12:00,GS_0002_01,뉴어청훼리,군산-어청(2구간),2,LV3,00
2021-07-14,2021-07-14 18:00,GS_0002_01,뉴어청훼리,군산-어청(2구간),2,LV3,00
2021-07-14,2021-07-15 00:00,GS_0002_01,뉴어청훼리,군산-어청(2구간),2,LV3,00
2021-07-14,2021-07-15 06:00,GS_0002_01,뉴어청훼리,군산-어청(2구간),3,LV2,00
2021-07-14,2021-07-15 12:00,GS_0002_01,뉴어청훼리,군산-어청(2구간),3,LV2,00
2021-07-14,2021-07-15 18:00,GS_0002_01,뉴어청훼리,군산-어청(2구간),3,LV2,00
2021-07-14,2021-07-16 00:00,GS_0002_01,뉴어청훼리,군산-어청(2구간),3,LV2,00
2021-07-14,2021-07-16 06:00,GS_0002_01,뉴어청훼리,군산-어청(2구간),3,LV2,00
2021-07-14,2021-07-16 12:00,GS_0002_01,뉴어청훼리,군산-어청(2구간),3,LV2,00
2021-07-14,2021-07-16 18:00,GS_0002_01,뉴어청훼리,군산-어청(2구간),3,LV2,00
2021-07-14,2021-07-14 00:00,MP_0001_02,퀸제누비아,목포-제주(1구간),4,LV1,00
2021-07-14,2021-07-14 06:00,MP_0001_02,퀸제누비아,목포-제주(1구간),4,LV1,00
2021-07-14,2021-07-14 12:00,MP_0001_02,퀸제누비아,목포-제주(1구간),4,LV1,00
2021-07-14,2021-07-14 18:00,MP_0001_02,퀸제누비아,목포-제주(1구간),4,LV1,00
2021-07-14,2021-07-15 00:00,MP_0001_02,퀸제누비아,목포-제주(1구간),4,LV1,00
2021-07-14,2021-07-15 06:00,MP_0001_02,퀸제누비아,목포-제주(1구간),4,LV1,00
2021-07-14,2021-07-15 12:00,MP_0001_02,퀸제누비아,목포-제주(1구간),4,LV1,00
2021-07-14,2021-07-15 18:00,MP_0001_02,퀸제누비아,목포-제주(1구간),4,LV1,00
2021-07-14,2021-07-16 00:00,MP_0001_02,퀸제누비아,목포-제주(1구간),4,LV1,00
2021-07-14,2021-07-16 06:00,MP_0001_02,퀸제누비아,목포-제주(1구간),4,LV1,00
2021-07-14,2021-07-16 12:00,MP_0001_02,퀸제누비아,목포-제주(1구간),4,LV1,00
2021-07-14,2021-07-16 18:00,MP_0001_02,퀸제누비아,목포-제주(1구간),4,LV1,00
2021-07-14,2021-07-14 00:00,MP_0002_02,퀸제누비아,목포-제주(2구간),3,LV2,00
2021-07-14,2021-07-14 06:00,MP_0002_02,퀸제누비아,목포-제주(2구간),3,LV2,00
2021-07-14,2021-07-14 12:00,MP_0002_02,퀸제누비아,목포-제주(2구간),3,LV2,00
2021-07-14,2021-07-14 18:00,MP_0002_02,퀸제누비아,목포-제주(2구간),3,LV2,00
2021-07-14,2021-07-15 00:00,MP_0002_02,퀸제누비아,목포-제주(2구간),4,LV1,00
2021-07-14,2021-07-15 06:00,MP_0002_02,퀸제누비아,목포-제주(2구간),3,LV2,00
2021-07-14,2021-07-15 12:00,MP_0002_02,퀸제누비아,목포-제주(2구간),4,LV1,00
2021-07-14,2021-07-15 18:00,MP_0002_02,퀸제누비아,목포-제주(2구간),3,LV2,00
2021-07-14,2021-07-16 00:00,MP_0002_02,퀸제누비아,목포-제주(2구간),4,LV1,00
2021-07-14,2021-07-16 06:00,MP_0002_02,퀸제누비아,목포-제주(2구간),4,LV1,00
2021-07-14,2021-07-16 12:00,MP_0002_02,퀸제누비아,목포-제주(2구간),4,LV1,00
2021-07-14,2021-07-16 18:00,MP_0002_02,퀸제누비아,목포-제주(2구간),4,LV1,00
2021-07-14,2021-07-14 00:00,MP_0001_01,퀸메리,목포-제주(1구간),4,LV1,00
2021-07-14,2021-07-14 06:00,MP_0001_01,퀸메리,목포-제주(1구간),4,LV1,00
2021-07-14,2021-07-14 12:00,MP_0001_01,퀸메리,목포-제주(1구간),4,LV1,00
2021-07-14,2021-07-14 18:00,MP_0001_01,퀸메리,목포-제주(1구간),4,LV1,00
2021-07-14,2021-07-15 00:00,MP_0001_01,퀸메리,목포-제주(1구간),4,LV1,00
2021-07-14,2021-07-15 06:00,MP_0001_01,퀸메리,목포-제주(1구간),4,LV1,00
2021-07-14,2021-07-15 12:00,MP_0001_01,퀸메리,목포-제주(1구간),4,LV1,00
2021-07-14,2021-07-15 18:00,MP_0001_01,퀸메리,목포-제주(1구간),4,LV1,00
2021-07-14,2021-07-16 00:00,MP_0001_01,퀸메리,목포-제주(1구간),4,LV1,00
2021-07-14,2021-07-16 06:00,MP_0001_01,퀸메리,목포-제주(1구간),4,LV1,00
2021-07-14,2021-07-16 12:00,MP_0001_01,퀸메리,목포-제주(1구간),4,LV1,00
2021-07-14,2021-07-16 18:00,MP_0001_01,퀸메리,목포-제주(1구간),4,LV1,00
2021-07-14,2021-07-14 00:00,MP_0002_01,퀸메리,목포-제주(2구간),3,LV2,00
2021-07-14,2021-07-14 06:00,MP_0002_01,퀸메리,목포-제주(2구간),3,LV2,00
2021-07-14,2021-07-14 12:00,MP_0002_01,퀸메리,목포-제주(2구간),3,LV2,00
2021-07-14,2021-07-14 18:00,MP_0002_01,퀸메리,목포-제주(2구간),3,LV2,00
2021-07-14,2021-07-15 00:00,MP_0002_01,퀸메리,목포-제주(2구간),4,LV1,00
2021-07-14,2021-07-15 06:00,MP_0002_01,퀸메리,목포-제주(2구간),3,LV2,00
2021-07-14,2021-07-15 12:00,MP_0002_01,퀸메리,목포-제주(2구간),4,LV1,00
2021-07-14,2021-07-15 18:00,MP_0002_01,퀸메리,목포-제주(2구간),3,LV2,00
2021-07-14,2021-07-16 00:00,MP_0002_01,퀸메리,목포-제주(2구간),4,LV1,00
2021-07-14,2021-07-16 06:00,MP_0002_01,퀸메리,목포-제주(2구간),4,LV1,00
2021-07-14,2021-07-16 12:00,MP_0002_01,퀸메리,목포-제주(2구간),4,LV1,00
2021-07-14,2021-07-16 18:00,MP_0002_01,퀸메리,목포-제주(2구간),4,LV1,00
2021-07-14,2021-07-14 00:00,WD_0001_04,송림블루오션,완도-제주(1구간),3,LV2,00
2021-07-14,2021-07-14 06:00,WD_0001_04,송림블루오션,완도-제주(1구간),3,LV2,00
2021-07-14,2021-07-14 12:00,WD_0001_04,송림블루오션,완도-제주(1구간),3,LV2,00
2021-07-14,2021-07-14 18:00,WD_0001_04,송림블루오션,완도-제주(1구간),3,LV2,00
2021-07-14,2021-07-15 00:00,WD_0001_04,송림블루오션,완도-제주(1구간),3,LV2,00
2021-07-14,2021-07-15 06:00,WD_0001_04,송림블루오션,완도-제주(1구간),4,LV1,00
2021-07-14,2021-07-15 12:00,WD_0001_04,송림블루오션,완도-제주(1구간),4,LV1,00
2021-07-14,2021-07-15 18:00,WD_0001_04,송림블루오션,완도-제주(1구간),4,LV1,00
2021-07-14,2021-07-16 00:00,WD_0001_04,송림블루오션,완도-제주(1구간),4,LV1,00
2021-07-14,2021-07-16 06:00,WD_0001_04,송림블루오션,완도-제주(1구간),3,LV2,00
2021-07-14,2021-07-16 12:00,WD_0001_04,송림블루오션,완도-제주(1구간),4,LV1,00
2021-07-14,2021-07-16 18:00,WD_0001_04,송림블루오션,완도-제주(1구간),4,LV1,00
2021-07-14,2021-07-14 00:00,WD_0002_04,송림블루오션,완도-제주(2구간),3,LV2,00
2021-07-14,2021-07-14 06:00,WD_0002_04,송림블루오션,완도-제주(2구간),3,LV2,00
2021-07-14,2021-07-14 12:00,WD_0002_04,송림블루오션,완도-제주(2구간),3,LV2,00
2021-07-14,2021-07-14 18:00,WD_0002_04,송림블루오션,완도-제주(2구간),3,LV2,00
2021-07-14,2021-07-15 00:00,WD_0002_04,송림블루오션,완도-제주(2구간),3,LV2,00
2021-07-14,2021-07-15 06:00,WD_0002_04,송림블루오션,완도-제주(2구간),3,LV2,00
2021-07-14,2021-07-15 12:00,WD_0002_04,송림블루오션,완도-제주(2구간),4,LV1,00
2021-07-14,2021-07-15 18:00,WD_0002_04,송림블루오션,완도-제주(2구간),3,LV2,00
2021-07-14,2021-07-16 00:00,WD_0002_04,송림블루오션,완도-제주(2구간),4,LV1,00
2021-07-14,2021-07-16 06:00,WD_0002_04,송림블루오션,완도-제주(2구간),3,LV2,00
2021-07-14,2021-07-16 12:00,WD_0002_04,송림블루오션,완도-제주(2구간),4,LV1,00
2021-07-14,2021-07-16 18:00,WD_0002_04,송림블루오션,완도-제주(2구간),4,LV1,00
2021-07-14,2021-07-14 00:00,WD_0001_02,한일블루나래,완도-제주(1구간),4,LV1,00
2021-07-14,2021-07-14 06:00,WD_0001_02,한일블루나래,완도-제주(1구간),4,LV1,00
2021-07-14,2021-07-14 12:00,WD_0001_02,한일블루나래,완도-제주(1구간),4,LV1,00
2021-07-14,2021-07-14 18:00,WD_0001_02,한일블루나래,완도-제주(1구간),4,LV1,00
2021-07-14,2021-07-15 00:00,WD_0001_02,한일블루나래,완도-제주(1구간),4,LV1,00
2021-07-14,2021-07-15 06:00,WD_0001_02,한일블루나래,완도-제주(1구간),4,LV1,00
2021-07-14,2021-07-15 12:00,WD_0001_02,한일블루나래,완도-제주(1구간),4,LV1,00
2021-07-14,2021-07-15 18:00,WD_0001_02,한일블루나래,완도-제주(1구간),4,LV1,00
2021-07-14,2021-07-16 00:00,WD_0001_02,한일블루나래,완도-제주(1구간),4,LV1,00
2021-07-14,2021-07-16 06:00,WD_0001_02,한일블루나래,완도-제주(1구간),4,LV1,00
2021-07-14,2021-07-16 12:00,WD_0001_02,한일블루나래,완도-제주(1구간),4,LV1,00
2021-07-14,2021-07-16 18:00,WD_0001_02,한일블루나래,완도-제주(1구간),4,LV1,00
2021-07-14,2021-07-14 00:00,WD_0002_02,한일블루나래,완도-제주(2구간),3,LV2,00
2021-07-14,2021-07-14 06:00,WD_0002_02,한일블루나래,완도-제주(2구간),3,LV2,00
2021-07-14,2021-07-14 12:00,WD_0002_02,한일블루나래,완도-제주(2구간),4,LV1,00
2021-07-14,2021-07-14 18:00,WD_0002_02,한일블루나래,완도-제주(2구간),3,LV2,00
2021-07-14,2021-07-15 00:00,WD_0002_02,한일블루나래,완도-제주(2구간),4,LV1,00
2021-07-14,2021-07-15 06:00,WD_0002_02,한일블루나래,완도-제주(2구간),3,LV2,00
2021-07-14,2021-07-15 12:00,WD_0002_02,한일블루나래,완도-제주(2구간),4,LV1,00
2021-07-14,2021-07-15 18:00,WD_0002_02,한일블루나래,완도-제주(2구간),3,LV2,00
2021-07-14,2021-07-16 00:00,WD_0002_02,한일블루나래,완도-제주(2구간),4,LV1,00
2021-07-14,2021-07-16 06:00,WD_0002_02,한일블루나래,완도-제주(2구간),4,LV1,00
2021-07-14,2021-07-16 12:00,WD_0002_02,한일블루나래,완도-제주(2구간),4,LV1,00
2021-07-14,2021-07-16 18:00,WD_0002_02,한일블루나래,완도-제주(2구간),4,LV1,00
2021-07-14,2021-07-14 00:00,WD_0001_03,실버클라우드,완도-제주(1구간),4,LV1,00
2021-07-14,2021-07-14 06:00,WD_0001_03,실버클라우드,완도-제주(1구간),4,LV1,00
2021-07-14,2021-07-14 12:00,WD_0001_03,실버클라우드,완도-제주(1구간),4,LV1,00
2021-07-14,2021-07-14 18:00,WD_0001_03,실버클라우드,완도-제주(1구간),4,LV1,00
2021-07-14,2021-07-15 00:00,WD_0001_03,실버클라우드,완도-제주(1구간),4,LV1,00
2021-07-14,2021-07-15 06:00,WD_0001_03,실버클라우드,완도-제주(1구간),4,LV1,00
2021-07-14,2021-07-15 12:00,WD_0001_03,실버클라우드,완도-제주(1구간),4,LV1,00
2021-07-14,2021-07-15 18:00,WD_0001_03,실버클라우드,완도-제주(1구간),4,LV1,00
2021-07-14,2021-07-16 00:00,WD_0001_03,실버클라우드,완도-제주(1구간),4,LV1,00
2021-07-14,2021-07-16 06:00,WD_0001_03,실버클라우드,완도-제주(1구간),4,LV1,00
2021-07-14,2021-07-16 12:00,WD_0001_03,실버클라우드,완도-제주(1구간),4,LV1,00
2021-07-14,2021-07-16 18:00,WD_0001_03,실버클라우드,완도-제주(1구간),4,LV1,00
2021-07-14,2021-07-14 00:00,WD_0002_03,실버클라우드,완도-제주(2구간),3,LV2,00
2021-07-14,2021-07-14 06:00,WD_0002_03,실버클라우드,완도-제주(2구간),3,LV2,00
2021-07-14,2021-07-14 12:00,WD_0002_03,실버클라우드,완도-제주(2구간),4,LV1,00
2021-07-14,2021-07-14 18:00,WD_0002_03,실버클라우드,완도-제주(2구간),3,LV2,00
2021-07-14,2021-07-15 00:00,WD_0002_03,실버클라우드,완도-제주(2구간),4,LV1,00
2021-07-14,2021-07-15 06:00,WD_0002_03,실버클라우드,완도-제주(2구간),3,LV2,00
2021-07-14,2021-07-15 12:00,WD_0002_03,실버클라우드,완도-제주(2구간),4,LV1,00
2021-07-14,2021-07-15 18:00,WD_0002_03,실버클라우드,완도-제주(2구간),3,LV2,00
2021-07-14,2021-07-16 00:00,WD_0002_03,실버클라우드,완도-제주(2구간),4,LV1,00
2021-07-14,2021-07-16 06:00,WD_0002_03,실버클라우드,완도-제주(2구간),4,LV1,00
2021-07-14,2021-07-16 12:00,WD_0002_03,실버클라우드,완도-제주(2구간),4,LV1,00
2021-07-14,2021-07-16 18:00,WD_0002_03,실버클라우드,완도-제주(2구간),4,LV1,00
2021-07-14,2021-07-14 00:00,ND_0001_01,아리온제주,녹동-제주(1구간),4,LV1,00
2021-07-14,2021-07-14 06:00,ND_0001_01,아리온제주,녹동-제주(1구간),4,LV1,00
2021-07-14,2021-07-14 12:00,ND_0001_01,아리온제주,녹동-제주(1구간),4,LV1,00
2021-07-14,2021-07-14 18:00,ND_0001_01,아리온제주,녹동-제주(1구간),4,LV1,00
2021-07-14,2021-07-15 00:00,ND_0001_01,아리온제주,녹동-제주(1구간),4,LV1,00
2021-07-14,2021-07-15 06:00,ND_0001_01,아리온제주,녹동-제주(1구간),4,LV1,00
2021-07-14,2021-07-15 12:00,ND_0001_01,아리온제주,녹동-제주(1구간),4,LV1,00
2021-07-14,2021-07-15 18:00,ND_0001_01,아리온제주,녹동-제주(1구간),4,LV1,00
2021-07-14,2021-07-16 00:00,ND_0001_01,아리온제주,녹동-제주(1구간),4,LV1,00
2021-07-14,2021-07-16 06:00,ND_0001_01,아리온제주,녹동-제주(1구간),4,LV1,00
2021-07-14,2021-07-16 12:00,ND_0001_01,아리온제주,녹동-제주(1구간),4,LV1,00
2021-07-14,2021-07-16 18:00,ND_0001_01,아리온제주,녹동-제주(1구간),4,LV1,00
2021-07-14,2021-07-14 00:00,ND_0002_01,아리온제주,녹동-제주(2구간),3,LV2,00
2021-07-14,2021-07-14 06:00,ND_0002_01,아리온제주,녹동-제주(2구간),4,LV1,00
2021-07-14,2021-07-14 12:00,ND_0002_01,아리온제주,녹동-제주(2구간),4,LV1,00
2021-07-14,2021-07-14 18:00,ND_0002_01,아리온제주,녹동-제주(2구간),4,LV1,00
2021-07-14,2021-07-15 00:00,ND_0002_01,아리온제주,녹동-제주(2구간),4,LV1,00
2021-07-14,2021-07-15 06:00,ND_0002_01,아리온제주,녹동-제주(2구간),4,LV1,00
2021-07-14,2021-07-15 12:00,ND_0002_01,아리온제주,녹동-제주(2구간),4,LV1,00
2021-07-14,2021-07-15 18:00,ND_0002_01,아리온제주,녹동-제주(2구간),4,LV1,00
2021-07-14,2021-07-16 00:00,ND_0002_01,아리온제주,녹동-제주(2구간),4,LV1,00
2021-07-14,2021-07-16 06:00,ND_0002_01,아리온제주,녹동-제주(2구간),4,LV1,00
2021-07-14,2021-07-16 12:00,ND_0002_01,아리온제주,녹동-제주(2구간),4,LV1,00
2021-07-14,2021-07-16 18:00,ND_0002_01,아리온제주,녹동-제주(2구간),4,LV1,00
2021-07-14,2021-07-14 00:00,BS_0001_01,뉴스타,부산-제주(1구간),4,LV1,00
2021-07-14,2021-07-14 06:00,BS_0001_01,뉴스타,부산-제주(1구간),4,LV1,00
2021-07-14,2021-07-14 12:00,BS_0001_01,뉴스타,부산-제주(1구간),4,LV1,00
2021-07-14,2021-07-14 18:00,BS_0001_01,뉴스타,부산-제주(1구간),4,LV1,00
2021-07-14,2021-07-15 00:00,BS_0001_01,뉴스타,부산-제주(1구간),4,LV1,00
2021-07-14,2021-07-15 06:00,BS_0001_01,뉴스타,부산-제주(1구간),4,LV1,00
2021-07-14,2021-07-15 12:00,BS_0001_01,뉴스타,부산-제주(1구간),4,LV1,00
2021-07-14,2021-07-15 18:00,BS_0001_01,뉴스타,부산-제주(1구간),4,LV1,00
2021-07-14,2021-07-16 00:00,BS_0001_01,뉴스타,부산-제주(1구간),4,LV1,00
2021-07-14,2021-07-16 06:00,BS_0001_01,뉴스타,부산-제주(1구간),4,LV1,00
2021-07-14,2021-07-16 12:00,BS_0001_01,뉴스타,부산-제주(1구간),4,LV1,00
2021-07-14,2021-07-16 18:00,BS_0001_01,뉴스타,부산-제주(1구간),4,LV1,00
2021-07-14,2021-07-14 00:00,BS_0002_01,뉴스타,부산-제주(2구간),4,LV1,00
2021-07-14,2021-07-14 06:00,BS_0002_01,뉴스타,부산-제주(2구간),4,LV1,00
2021-07-14,2021-07-14 12:00,BS_0002_01,뉴스타,부산-제주(2구간),4,LV1,00
2021-07-14,2021-07-14 18:00,BS_0002_01,뉴스타,부산-제주(2구간),4,LV1,00
2021-07-14,2021-07-15 00:00,BS_0002_01,뉴스타,부산-제주(2구간),4,LV1,00
2021-07-14,2021-07-15 06:00,BS_0002_01,뉴스타,부산-제주(2구간),4,LV1,00
2021-07-14,2021-07-15 12:00,BS_0002_01,뉴스타,부산-제주(2구간),4,LV1,00
2021-07-14,2021-07-15 18:00,BS_0002_01,뉴스타,부산-제주(2구간),4,LV1,00
2021-07-14,2021-07-16 00:00,BS_0002_01,뉴스타,부산-제주(2구간),4,LV1,00
2021-07-14,2021-07-16 06:00,BS_0002_01,뉴스타,부산-제주(2구간),4,LV1,00
2021-07-14,2021-07-16 12:00,BS_0002_01,뉴스타,부산-제주(2구간),4,LV1,00
2021-07-14,2021-07-16 18:00,BS_0002_01,뉴스타,부산-제주(2구간),4,LV1,00
2021-07-14,2021-07-14 00:00,BS_0003_01,뉴스타,부산-제주(3구간),4,LV1,00
2021-07-14,2021-07-14 06:00,BS_0003_01,뉴스타,부산-제주(3구간),4,LV1,00
2021-07-14,2021-07-14 12:00,BS_0003_01,뉴스타,부산-제주(3구간),4,LV1,00
2021-07-14,2021-07-14 18:00,BS_0003_01,뉴스타,부산-제주(3구간),4,LV1,00
2021-07-14,2021-07-15 00:00,BS_0003_01,뉴스타,부산-제주(3구간),4,LV1,00
2021-07-14,2021-07-15 06:00,BS_0003_01,뉴스타,부산-제주(3구간),4,LV1,00
2021-07-14,2021-07-15 12:00,BS_0003_01,뉴스타,부산-제주(3구간),4,LV1,00
2021-07-14,2021-07-15 18:00,BS_0003_01,뉴스타,부산-제주(3구간),4,LV1,00
2021-07-14,2021-07-16 00:00,BS_0003_01,뉴스타,부산-제주(3구간),4,LV1,00
2021-07-14,2021-07-16 06:00,BS_0003_01,뉴스타,부산-제주(3구간),4,LV1,00
2021-07-14,2021-07-16 12:00,BS_0003_01,뉴스타,부산-제주(3구간),4,LV1,00
2021-07-14,2021-07-16 18:00,BS_0003_01,뉴스타,부산-제주(3구간),4,LV1,00
2021-07-14,2021-07-14 00:00,DM_0001_01,비틀(대마),부산-대마(1구간),3,LV2,00
2021-07-14,2021-07-14 06:00,DM_0001_01,비틀(대마),부산-대마(1구간),3,LV2,00
2021-07-14,2021-07-14 12:00,DM_0001_01,비틀(대마),부산-대마(1구간),3,LV2,00
2021-07-14,2021-07-14 18:00,DM_0001_01,비틀(대마),부산-대마(1구간),3,LV2,00
2021-07-14,2021-07-15 00:00,DM_0001_01,비틀(대마),부산-대마(1구간),3,LV2,00
2021-07-14,2021-07-15 06:00,DM_0001_01,비틀(대마),부산-대마(1구간),3,LV2,00
2021-07-14,2021-07-15 12:00,DM_0001_01,비틀(대마),부산-대마(1구간),3,LV2,00
2021-07-14,2021-07-15 18:00,DM_0001_01,비틀(대마),부산-대마(1구간),3,LV2,00
2021-07-14,2021-07-16 00:00,DM_0001_01,비틀(대마),부산-대마(1구간),3,LV2,00
2021-07-14,2021-07-16 06:00,DM_0001_01,비틀(대마),부산-대마(1구간),3,LV2,00
2021-07-14,2021-07-16 12:00,DM_0001_01,비틀(대마),부산-대마(1구간),3,LV2,00
2021-07-14,2021-07-16 18:00,DM_0001_01,비틀(대마),부산-대마(1구간),3,LV2,00
2021-07-14,2021-07-14 00:00,DM_0002_01,비틀(대마),부산-대마(2구간),3,LV2,00
2021-07-14,2021-07-14 06:00,DM_0002_01,비틀(대마),부산-대마(2구간),3,LV2,00
2021-07-14,2021-07-14 12:00,DM_0002_01,비틀(대마),부산-대마(2구간),3,LV2,00
2021-07-14,2021-07-14 18:00,DM_0002_01,비틀(대마),부산-대마(2구간),3,LV2,00
2021-07-14,2021-07-15 00:00,DM_0002_01,비틀(대마),부산-대마(2구간),3,LV2,00
2021-07-14,2021-07-15 06:00,DM_0002_01,비틀(대마),부산-대마(2구간),3,LV2,00
2021-07-14,2021-07-15 12:00,DM_0002_01,비틀(대마),부산-대마(2구간),3,LV2,00
2021-07-14,2021-07-15 18:00,DM_0002_01,비틀(대마),부산-대마(2구간),3,LV2,00
2021-07-14,2021-07-16 00:00,DM_0002_01,비틀(대마),부산-대마(2구간),3,LV2,00
2021-07-14,2021-07-16 06:00,DM_0002_01,비틀(대마),부산-대마(2구간),3,LV2,00
2021-07-14,2021-07-16 12:00,DM_0002_01,비틀(대마),부산-대마(2구간),3,LV2,00
2021-07-14,2021-07-16 18:00,DM_0002_01,비틀(대마),부산-대마(2구간),3,LV2,00
2021-07-14,2021-07-14 00:00,DM_0001_02,오션플라워,부산-대마(1구간),3,LV2,00
2021-07-14,2021-07-14 06:00,DM_0001_02,오션플라워,부산-대마(1구간),3,LV2,00
2021-07-14,2021-07-14 12:00,DM_0001_02,오션플라워,부산-대마(1구간),3,LV2,00
2021-07-14,2021-07-14 18:00,DM_0001_02,오션플라워,부산-대마(1구간),3,LV2,00
2021-07-14,2021-07-15 00:00,DM_0001_02,오션플라워,부산-대마(1구간),3,LV2,00
2021-07-14,2021-07-15 06:00,DM_0001_02,오션플라워,부산-대마(1구간),3,LV2,00
2021-07-14,2021-07-15 12:00,DM_0001_02,오션플라워,부산-대마(1구간),3,LV2,00
2021-07-14,2021-07-15 18:00,DM_0001_02,오션플라워,부산-대마(1구간),4,LV1,00
2021-07-14,2021-07-16 00:00,DM_0001_02,오션플라워,부산-대마(1구간),3,LV2,00
2021-07-14,2021-07-16 06:00,DM_0001_02,오션플라워,부산-대마(1구간),3,LV2,00
2021-07-14,2021-07-16 12:00,DM_0001_02,오션플라워,부산-대마(1구간),3,LV2,00
2021-07-14,2021-07-16 18:00,DM_0001_02,오션플라워,부산-대마(1구간),3,LV2,00
2021-07-14,2021-07-14 00:00,DM_0002_02,오션플라워,부산-대마(2구간),3,LV2,00
2021-07-14,2021-07-14 06:00,DM_0002_02,오션플라워,부산-대마(2구간),3,LV2,00
2021-07-14,2021-07-14 12:00,DM_0002_02,오션플라워,부산-대마(2구간),3,LV2,00
2021-07-14,2021-07-14 18:00,DM_0002_02,오션플라워,부산-대마(2구간),3,LV2,00
2021-07-14,2021-07-15 00:00,DM_0002_02,오션플라워,부산-대마(2구간),3,LV2,00
2021-07-14,2021-07-15 06:00,DM_0002_02,오션플라워,부산-대마(2구간),3,LV2,00
2021-07-14,2021-07-15 12:00,DM_0002_02,오션플라워,부산-대마(2구간),3,LV2,00
2021-07-14,2021-07-15 18:00,DM_0002_02,오션플라워,부산-대마(2구간),4,LV1,00
2021-07-14,2021-07-16 00:00,DM_0002_02,오션플라워,부산-대마(2구간),3,LV2,00
2021-07-14,2021-07-16 06:00,DM_0002_02,오션플라워,부산-대마(2구간),3,LV2,00
2021-07-14,2021-07-16 12:00,DM_0002_02,오션플라워,부산-대마(2구간),3,LV2,00
2021-07-14,2021-07-16 18:00,DM_0002_02,오션플라워,부산-대마(2구간),3,LV2,00
2021-07-14,2021-07-14 00:00,DM_0001_03,니나,부산-대마(1구간),3,LV2,00
2021-07-14,2021-07-14 06:00,DM_0001_03,니나,부산-대마(1구간),3,LV2,00
2021-07-14,2021-07-14 12:00,DM_0001_03,니나,부산-대마(1구간),3,LV2,00
2021-07-14,2021-07-14 18:00,DM_0001_03,니나,부산-대마(1구간),3,LV2,00
2021-07-14,2021-07-15 00:00,DM_0001_03,니나,부산-대마(1구간),3,LV2,00
2021-07-14,2021-07-15 06:00,DM_0001_03,니나,부산-대마(1구간),3,LV2,00
2021-07-14,2021-07-15 12:00,DM_0001_03,니나,부산-대마(1구간),3,LV2,00
2021-07-14,2021-07-15 18:00,DM_0001_03,니나,부산-대마(1구간),4,LV1,00
2021-07-14,2021-07-16 00:00,DM_0001_03,니나,부산-대마(1구간),3,LV2,00
2021-07-14,2021-07-16 06:00,DM_0001_03,니나,부산-대마(1구간),3,LV2,00
2021-07-14,2021-07-16 12:00,DM_0001_03,니나,부산-대마(1구간),3,LV2,00
2021-07-14,2021-07-16 18:00,DM_0001_03,니나,부산-대마(1구간),3,LV2,00
2021-07-14,2021-07-14 00:00,DM_0002_03,니나,부산-대마(2구간),3,LV2,00
2021-07-14,2021-07-14 06:00,DM_0002_03,니나,부산-대마(2구간),3,LV2,00
2021-07-14,2021-07-14 12:00,DM_0002_03,니나,부산-대마(2구간),3,LV2,00
2021-07-14,2021-07-14 18:00,DM_0002_03,니나,부산-대마(2구간),3,LV2,00
2021-07-14,2021-07-15 00:00,DM_0002_03,니나,부산-대마(2구간),3,LV2,00
2021-07-14,2021-07-15 06:00,DM_0002_03,니나,부산-대마(2구간),3,LV2,00
2021-07-14,2021-07-15 12:00,DM_0002_03,니나,부산-대마(2구간),3,LV2,00
2021-07-14,2021-07-15 18:00,DM_0002_03,니나,부산-대마(2구간),4,LV1,00
2021-07-14,2021-07-16 00:00,DM_0002_03,니나,부산-대마(2구간),3,LV2,00
2021-07-14,2021-07-16 06:00,DM_0002_03,니나,부산-대마(2구간),3,LV2,00
2021-07-14,2021-07-16 12:00,DM_0002_03,니나,부산-대마(2구간),3,LV2,00
2021-07-14,2021-07-16 18:00,DM_0002_03,니나,부산-대마(2구간),3,LV2,00
2021-07-14,2021-07-14 00:00,FK_0001_01,뉴카멜리아,부산-후쿠오카(1구간),3,LV2,00
2021-07-14,2021-07-14 06:00,FK_0001_01,뉴카멜리아,부산-후쿠오카(1구간),4,LV1,00
2021-07-14,2021-07-14 12:00,FK_0001_01,뉴카멜리아,부산-후쿠오카(1구간),3,LV2,00
2021-07-14,2021-07-14 18:00,FK_0001_01,뉴카멜리아,부산-후쿠오카(1구간),4,LV1,00
2021-07-14,2021-07-15 00:00,FK_0001_01,뉴카멜리아,부산-후쿠오카(1구간),4,LV1,00
2021-07-14,2021-07-15 06:00,FK_0001_01,뉴카멜리아,부산-후쿠오카(1구간),4,LV1,00
2021-07-14,2021-07-15 12:00,FK_0001_01,뉴카멜리아,부산-후쿠오카(1구간),4,LV1,00
2021-07-14,2021-07-15 18:00,FK_0001_01,뉴카멜리아,부산-후쿠오카(1구간),4,LV1,00
2021-07-14,2021-07-16 00:00,FK_0001_01,뉴카멜리아,부산-후쿠오카(1구간),4,LV1,00
2021-07-14,2021-07-16 06:00,FK_0001_01,뉴카멜리아,부산-후쿠오카(1구간),4,LV1,00
2021-07-14,2021-07-16 12:00,FK_0001_01,뉴카멜리아,부산-후쿠오카(1구간),4,LV1,00
2021-07-14,2021-07-16 18:00,FK_0001_01,뉴카멜리아,부산-후쿠오카(1구간),4,LV1,00
2021-07-14,2021-07-14 00:00,FK_0002_01,뉴카멜리아,부산-후쿠오카(2구간),4,LV1,00
2021-07-14,2021-07-14 06:00,FK_0002_01,뉴카멜리아,부산-후쿠오카(2구간),4,LV1,00
2021-07-14,2021-07-14 12:00,FK_0002_01,뉴카멜리아,부산-후쿠오카(2구간),4,LV1,00
2021-07-14,2021-07-14 18:00,FK_0002_01,뉴카멜리아,부산-후쿠오카(2구간),4,LV1,00
2021-07-14,2021-07-15 00:00,FK_0002_01,뉴카멜리아,부산-후쿠오카(2구간),4,LV1,00
2021-07-14,2021-07-15 06:00,FK_0002_01,뉴카멜리아,부산-후쿠오카(2구간),4,LV1,00
2021-07-14,2021-07-15 12:00,FK_0002_01,뉴카멜리아,부산-후쿠오카(2구간),4,LV1,00
2021-07-14,2021-07-15 18:00,FK_0002_01,뉴카멜리아,부산-후쿠오카(2구간),4,LV1,00
2021-07-14,2021-07-16 00:00,FK_0002_01,뉴카멜리아,부산-후쿠오카(2구간),4,LV1,00
2021-07-14,2021-07-16 06:00,FK_0002_01,뉴카멜리아,부산-후쿠오카(2구간),3,LV2,00
2021-07-14,2021-07-16 12:00,FK_0002_01,뉴카멜리아,부산-후쿠오카(2구간),4,LV1,00
2021-07-14,2021-07-16 18:00,FK_0002_01,뉴카멜리아,부산-후쿠오카(2구간),4,LV1,00
2021-07-14,2021-07-14 00:00,FK_0001_03,비틀(후쿠오카),부산-후쿠오카(1구간),3,LV2,00
2021-07-14,2021-07-14 06:00,FK_0001_03,비틀(후쿠오카),부산-후쿠오카(1구간),3,LV2,00
2021-07-14,2021-07-14 12:00,FK_0001_03,비틀(후쿠오카),부산-후쿠오카(1구간),3,LV2,00
2021-07-14,2021-07-14 18:00,FK_0001_03,비틀(후쿠오카),부산-후쿠오카(1구간),3,LV2,00
2021-07-14,2021-07-15 00:00,FK_0001_03,비틀(후쿠오카),부산-후쿠오카(1구간),3,LV2,00
2021-07-14,2021-07-15 06:00,FK_0001_03,비틀(후쿠오카),부산-후쿠오카(1구간),3,LV2,00
2021-07-14,2021-07-15 12:00,FK_0001_03,비틀(후쿠오카),부산-후쿠오카(1구간),3,LV2,00
2021-07-14,2021-07-15 18:00,FK_0001_03,비틀(후쿠오카),부산-후쿠오카(1구간),3,LV2,00
2021-07-14,2021-07-16 00:00,FK_0001_03,비틀(후쿠오카),부산-후쿠오카(1구간),3,LV2,00
2021-07-14,2021-07-16 06:00,FK_0001_03,비틀(후쿠오카),부산-후쿠오카(1구간),3,LV2,00
2021-07-14,2021-07-16 12:00,FK_0001_03,비틀(후쿠오카),부산-후쿠오카(1구간),3,LV2,00
2021-07-14,2021-07-16 18:00,FK_0001_03,비틀(후쿠오카),부산-후쿠오카(1구간),3,LV2,00
2021-07-14,2021-07-14 00:00,FK_0002_03,비틀(후쿠오카),부산-후쿠오카(2구간),3,LV2,00
2021-07-14,2021-07-14 06:00,FK_0002_03,비틀(후쿠오카),부산-후쿠오카(2구간),3,LV2,00
2021-07-14,2021-07-14 12:00,FK_0002_03,비틀(후쿠오카),부산-후쿠오카(2구간),3,LV2,00
2021-07-14,2021-07-14 18:00,FK_0002_03,비틀(후쿠오카),부산-후쿠오카(2구간),3,LV2,00
2021-07-14,2021-07-15 00:00,FK_0002_03,비틀(후쿠오카),부산-후쿠오카(2구간),3,LV2,00
2021-07-14,2021-07-15 06:00,FK_0002_03,비틀(후쿠오카),부산-후쿠오카(2구간),3,LV2,00
2021-07-14,2021-07-15 12:00,FK_0002_03,비틀(후쿠오카),부산-후쿠오카(2구간),3,LV2,00
2021-07-14,2021-07-15 18:00,FK_0002_03,비틀(후쿠오카),부산-후쿠오카(2구간),3,LV2,00
2021-07-14,2021-07-16 00:00,FK_0002_03,비틀(후쿠오카),부산-후쿠오카(2구간),3,LV2,00
2021-07-14,2021-07-16 06:00,FK_0002_03,비틀(후쿠오카),부산-후쿠오카(2구간),3,LV2,00
2021-07-14,2021-07-16 12:00,FK_0002_03,비틀(후쿠오카),부산-후쿠오카(2구간),3,LV2,00
2021-07-14,2021-07-16 18:00,FK_0002_03,비틀(후쿠오카),부산-후쿠오카(2구간),3,LV2,00
2021-07-14,2021-07-14 00:00,FK_0001_02,코비(후쿠오카),부산-후쿠오카(1구간),3,LV2,00
2021-07-14,2021-07-14 06:00,FK_0001_02,코비(후쿠오카),부산-후쿠오카(1구간),3,LV2,00
2021-07-14,2021-07-14 12:00,FK_0001_02,코비(후쿠오카),부산-후쿠오카(1구간),3,LV2,00
2021-07-14,2021-07-14 18:00,FK_0001_02,코비(후쿠오카),부산-후쿠오카(1구간),3,LV2,00
2021-07-14,2021-07-15 00:00,FK_0001_02,코비(후쿠오카),부산-후쿠오카(1구간),3,LV2,00
2021-07-14,2021-07-15 06:00,FK_0001_02,코비(후쿠오카),부산-후쿠오카(1구간),3,LV2,00
2021-07-14,2021-07-15 12:00,FK_0001_02,코비(후쿠오카),부산-후쿠오카(1구간),3,LV2,00
2021-07-14,2021-07-15 18:00,FK_0001_02,코비(후쿠오카),부산-후쿠오카(1구간),3,LV2,00
2021-07-14,2021-07-16 00:00,FK_0001_02,코비(후쿠오카),부산-후쿠오카(1구간),3,LV2,00
2021-07-14,2021-07-16 06:00,FK_0001_02,코비(후쿠오카),부산-후쿠오카(1구간),3,LV2,00
2021-07-14,2021-07-16 12:00,FK_0001_02,코비(후쿠오카),부산-후쿠오카(1구간),3,LV2,00
2021-07-14,2021-07-16 18:00,FK_0001_02,코비(후쿠오카),부산-후쿠오카(1구간),3,LV2,00
2021-07-14,2021-07-14 00:00,FK_0002_02,코비(후쿠오카),부산-후쿠오카(2구간),3,LV2,00
2021-07-14,2021-07-14 06:00,FK_0002_02,코비(후쿠오카),부산-후쿠오카(2구간),3,LV2,00
2021-07-14,2021-07-14 12:00,FK_0002_02,코비(후쿠오카),부산-후쿠오카(2구간),3,LV2,00
2021-07-14,2021-07-14 18:00,FK_0002_02,코비(후쿠오카),부산-후쿠오카(2구간),3,LV2,00
2021-07-14,2021-07-15 00:00,FK_0002_02,코비(후쿠오카),부산-후쿠오카(2구간),3,LV2,00
2021-07-14,2021-07-15 06:00,FK_0002_02,코비(후쿠오카),부산-후쿠오카(2구간),3,LV2,00
2021-07-14,2021-07-15 12:00,FK_0002_02,코비(후쿠오카),부산-후쿠오카(2구간),3,LV2,00
2021-07-14,2021-07-15 18:00,FK_0002_02,코비(후쿠오카),부산-후쿠오카(2구간),3,LV2,00
2021-07-14,2021-07-16 00:00,FK_0002_02,코비(후쿠오카),부산-후쿠오카(2구간),3,LV2,00
2021-07-14,2021-07-16 06:00,FK_0002_02,코비(후쿠오카),부산-후쿠오카(2구간),3,LV2,00
2021-07-14,2021-07-16 12:00,FK_0002_02,코비(후쿠오카),부산-후쿠오카(2구간),3,LV2,00
2021-07-14,2021-07-16 18:00,FK_0002_02,코비(후쿠오카),부산-후쿠오카(2구간),3,LV2,00
2021-07-14,2021-07-14 00:00,PH_0001_01,썬라이즈,포항-울릉(1구간),3,LV2,00
2021-07-14,2021-07-14 06:00,PH_0001_01,썬라이즈,포항-울릉(1구간),4,LV1,00
2021-07-14,2021-07-14 12:00,PH_0001_01,썬라이즈,포항-울릉(1구간),4,LV1,00
2021-07-14,2021-07-14 18:00,PH_0001_01,썬라이즈,포항-울릉(1구간),4,LV1,00
2021-07-14,2021-07-15 00:00,PH_0001_01,썬라이즈,포항-울릉(1구간),4,LV1,00
2021-07-14,2021-07-15 06:00,PH_0001_01,썬라이즈,포항-울릉(1구간),4,LV1,00
2021-07-14,2021-07-15 12:00,PH_0001_01,썬라이즈,포항-울릉(1구간),4,LV1,00
2021-07-14,2021-07-15 18:00,PH_0001_01,썬라이즈,포항-울릉(1구간),4,LV1,00
2021-07-14,2021-07-16 00:00,PH_0001_01,썬라이즈,포항-울릉(1구간),4,LV1,00
2021-07-14,2021-07-16 06:00,PH_0001_01,썬라이즈,포항-울릉(1구간),4,LV1,00
2021-07-14,2021-07-16 12:00,PH_0001_01,썬라이즈,포항-울릉(1구간),4,LV1,00
2021-07-14,2021-07-16 18:00,PH_0001_01,썬라이즈,포항-울릉(1구간),4,LV1,00
2021-07-14,2021-07-14 00:00,PH_0002_01,썬라이즈,포항-울릉(2구간),4,LV1,00
2021-07-14,2021-07-14 06:00,PH_0002_01,썬라이즈,포항-울릉(2구간),4,LV1,00
2021-07-14,2021-07-14 12:00,PH_0002_01,썬라이즈,포항-울릉(2구간),3,LV2,00
2021-07-14,2021-07-14 18:00,PH_0002_01,썬라이즈,포항-울릉(2구간),4,LV1,00
2021-07-14,2021-07-15 00:00,PH_0002_01,썬라이즈,포항-울릉(2구간),4,LV1,00
2021-07-14,2021-07-15 06:00,PH_0002_01,썬라이즈,포항-울릉(2구간),4,LV1,00
2021-07-14,2021-07-15 12:00,PH_0002_01,썬라이즈,포항-울릉(2구간),4,LV1,00
2021-07-14,2021-07-15 18:00,PH_0002_01,썬라이즈,포항-울릉(2구간),4,LV1,00
2021-07-14,2021-07-16 00:00,PH_0002_01,썬라이즈,포항-울릉(2구간),4,LV1,00
2021-07-14,2021-07-16 06:00,PH_0002_01,썬라이즈,포항-울릉(2구간),4,LV1,00
2021-07-14,2021-07-16 12:00,PH_0002_01,썬라이즈,포항-울릉(2구간),4,LV1,00
2021-07-14,2021-07-16 18:00,PH_0002_01,썬라이즈,포항-울릉(2구간),4,LV1,00
2021-07-14,2021-07-14 00:00,PH_0001_02,엘도라도,포항-울릉(1구간),3,LV2,00
2021-07-14,2021-07-14 06:00,PH_0001_02,엘도라도,포항-울릉(1구간),4,LV1,00
2021-07-14,2021-07-14 12:00,PH_0001_02,엘도라도,포항-울릉(1구간),4,LV1,00
2021-07-14,2021-07-14 18:00,PH_0001_02,엘도라도,포항-울릉(1구간),4,LV1,00
2021-07-14,2021-07-15 00:00,PH_0001_02,엘도라도,포항-울릉(1구간),4,LV1,00
2021-07-14,2021-07-15 06:00,PH_0001_02,엘도라도,포항-울릉(1구간),4,LV1,00
2021-07-14,2021-07-15 12:00,PH_0001_02,엘도라도,포항-울릉(1구간),4,LV1,00
2021-07-14,2021-07-15 18:00,PH_0001_02,엘도라도,포항-울릉(1구간),4,LV1,00
2021-07-14,2021-07-16 00:00,PH_0001_02,엘도라도,포항-울릉(1구간),4,LV1,00
2021-07-14,2021-07-16 06:00,PH_0001_02,엘도라도,포항-울릉(1구간),4,LV1,00
2021-07-14,2021-07-16 12:00,PH_0001_02,엘도라도,포항-울릉(1구간),4,LV1,00
2021-07-14,2021-07-16 18:00,PH_0001_02,엘도라도,포항-울릉(1구간),4,LV1,00
2021-07-14,2021-07-14 00:00,PH_0002_02,엘도라도,포항-울릉(2구간),4,LV1,00
2021-07-14,2021-07-14 06:00,PH_0002_02,엘도라도,포항-울릉(2구간),4,LV1,00
2021-07-14,2021-07-14 12:00,PH_0002_02,엘도라도,포항-울릉(2구간),3,LV2,00
2021-07-14,2021-07-14 18:00,PH_0002_02,엘도라도,포항-울릉(2구간),4,LV1,00
2021-07-14,2021-07-15 00:00,PH_0002_02,엘도라도,포항-울릉(2구간),4,LV1,00
2021-07-14,2021-07-15 06:00,PH_0002_02,엘도라도,포항-울릉(2구간),4,LV1,00
2021-07-14,2021-07-15 12:00,PH_0002_02,엘도라도,포항-울릉(2구간),4,LV1,00
2021-07-14,2021-07-15 18:00,PH_0002_02,엘도라도,포항-울릉(2구간),4,LV1,00
2021-07-14,2021-07-16 00:00,PH_0002_02,엘도라도,포항-울릉(2구간),4,LV1,00
2021-07-14,2021-07-16 06:00,PH_0002_02,엘도라도,포항-울릉(2구간),4,LV1,00
2021-07-14,2021-07-16 12:00,PH_0002_02,엘도라도,포항-울릉(2구간),4,LV1,00
2021-07-14,2021-07-16 18:00,PH_0002_02,엘도라도,포항-울릉(2구간),4,LV1,00
2021-07-14,2021-07-14 00:00,MH_0001_01,씨스타1,묵호-울릉(1구간),4,LV1,00
2021-07-14,2021-07-14 06:00,MH_0001_01,씨스타1,묵호-울릉(1구간),4,LV1,00
2021-07-14,2021-07-14 12:00,MH_0001_01,씨스타1,묵호-울릉(1구간),4,LV1,00
2021-07-14,2021-07-14 18:00,MH_0001_01,씨스타1,묵호-울릉(1구간),3,LV2,00
2021-07-14,2021-07-15 00:00,MH_0001_01,씨스타1,묵호-울릉(1구간),4,LV1,00
2021-07-14,2021-07-15 06:00,MH_0001_01,씨스타1,묵호-울릉(1구간),4,LV1,00
2021-07-14,2021-07-15 12:00,MH_0001_01,씨스타1,묵호-울릉(1구간),3,LV2,00
2021-07-14,2021-07-15 18:00,MH_0001_01,씨스타1,묵호-울릉(1구간),4,LV1,00
2021-07-14,2021-07-16 00:00,MH_0001_01,씨스타1,묵호-울릉(1구간),3,LV2,00
2021-07-14,2021-07-16 06:00,MH_0001_01,씨스타1,묵호-울릉(1구간),3,LV2,00
2021-07-14,2021-07-16 12:00,MH_0001_01,씨스타1,묵호-울릉(1구간),3,LV2,00
2021-07-14,2021-07-16 18:00,MH_0001_01,씨스타1,묵호-울릉(1구간),3,LV2,00
2021-07-14,2021-07-14 00:00,MH_0002_01,씨스타1,묵호-울릉(2구간),4,LV1,00
2021-07-14,2021-07-14 06:00,MH_0002_01,씨스타1,묵호-울릉(2구간),4,LV1,00
2021-07-14,2021-07-14 12:00,MH_0002_01,씨스타1,묵호-울릉(2구간),4,LV1,00
2021-07-14,2021-07-14 18:00,MH_0002_01,씨스타1,묵호-울릉(2구간),3,LV2,00
2021-07-14,2021-07-15 00:00,MH_0002_01,씨스타1,묵호-울릉(2구간),4,LV1,00
2021-07-14,2021-07-15 06:00,MH_0002_01,씨스타1,묵호-울릉(2구간),4,LV1,00
2021-07-14,2021-07-15 12:00,MH_0002_01,씨스타1,묵호-울릉(2구간),4,LV1,00
2021-07-14,2021-07-15 18:00,MH_0002_01,씨스타1,묵호-울릉(2구간),4,LV1,00
2021-07-14,2021-07-16 00:00,MH_0002_01,씨스타1,묵호-울릉(2구간),4,LV1,00
2021-07-14,2021-07-16 06:00,MH_0002_01,씨스타1,묵호-울릉(2구간),3,LV2,00
2021-07-14,2021-07-16 12:00,MH_0002_01,씨스타1,묵호-울릉(2구간),4,LV1,00
2021-07-14,2021-07-16 18:00,MH_0002_01,씨스타1,묵호-울릉(2구간),4,LV1,00
2021-07-14,2021-07-14 00:00,MH_0001_02,씨스타3,묵호-울릉(1구간),4,LV1,00
2021-07-14,2021-07-14 06:00,MH_0001_02,씨스타3,묵호-울릉(1구간),4,LV1,00
2021-07-14,2021-07-14 12:00,MH_0001_02,씨스타3,묵호-울릉(1구간),4,LV1,00
2021-07-14,2021-07-14 18:00,MH_0001_02,씨스타3,묵호-울릉(1구간),4,LV1,00
2021-07-14,2021-07-15 00:00,MH_0001_02,씨스타3,묵호-울릉(1구간),4,LV1,00
2021-07-14,2021-07-15 06:00,MH_0001_02,씨스타3,묵호-울릉(1구간),4,LV1,00
2021-07-14,2021-07-15 12:00,MH_0001_02,씨스타3,묵호-울릉(1구간),4,LV1,00
2021-07-14,2021-07-15 18:00,MH_0001_02,씨스타3,묵호-울릉(1구간),4,LV1,00
2021-07-14,2021-07-16 00:00,MH_0001_02,씨스타3,묵호-울릉(1구간),4,LV1,00
2021-07-14,2021-07-16 06:00,MH_0001_02,씨스타3,묵호-울릉(1구간),4,LV1,00
2021-07-14,2021-07-16 12:00,MH_0001_02,씨스타3,묵호-울릉(1구간),4,LV1,00
2021-07-14,2021-07-16 18:00,MH_0001_02,씨스타3,묵호-울릉(1구간),4,LV1,00
2021-07-14,2021-07-14 00:00,MH_0002_02,씨스타3,묵호-울릉(2구간),4,LV1,00
2021-07-14,2021-07-14 06:00,MH_0002_02,씨스타3,묵호-울릉(2구간),4,LV1,00
2021-07-14,2021-07-14 12:00,MH_0002_02,씨스타3,묵호-울릉(2구간),4,LV1,00
2021-07-14,2021-07-14 18:00,MH_0002_02,씨스타3,묵호-울릉(2구간),4,LV1,00
2021-07-14,2021-07-15 00:00,MH_0002_02,씨스타3,묵호-울릉(2구간),4,LV1,00
2021-07-14,2021-07-15 06:00,MH_0002_02,씨스타3,묵호-울릉(2구간),4,LV1,00
2021-07-14,2021-07-15 12:00,MH_0002_02,씨스타3,묵호-울릉(2구간),4,LV1,00
2021-07-14,2021-07-15 18:00,MH_0002_02,씨스타3,묵호-울릉(2구간),4,LV1,00
2021-07-14,2021-07-16 00:00,MH_0002_02,씨스타3,묵호-울릉(2구간),4,LV1,00
2021-07-14,2021-07-16 06:00,MH_0002_02,씨스타3,묵호-울릉(2구간),4,LV1,00
2021-07-14,2021-07-16 12:00,MH_0002_02,씨스타3,묵호-울릉(2구간),4,LV1,00
2021-07-14,2021-07-16 18:00,MH_0002_02,씨스타3,묵호-울릉(2구간),4,LV1,00
2021-07-14,2021-07-14 00:00,GR_0001_01,씨스타11,강릉-울릉(1구간),4,LV1,00
2021-07-14,2021-07-14 06:00,GR_0001_01,씨스타11,강릉-울릉(1구간),4,LV1,00
2021-07-14,2021-07-14 12:00,GR_0001_01,씨스타11,강릉-울릉(1구간),4,LV1,00
2021-07-14,2021-07-14 18:00,GR_0001_01,씨스타11,강릉-울릉(1구간),3,LV2,00
2021-07-14,2021-07-15 00:00,GR_0001_01,씨스타11,강릉-울릉(1구간),4,LV1,00
2021-07-14,2021-07-15 06:00,GR_0001_01,씨스타11,강릉-울릉(1구간),4,LV1,00
2021-07-14,2021-07-15 12:00,GR_0001_01,씨스타11,강릉-울릉(1구간),4,LV1,00
2021-07-14,2021-07-15 18:00,GR_0001_01,씨스타11,강릉-울릉(1구간),4,LV1,00
2021-07-14,2021-07-16 00:00,GR_0001_01,씨스타11,강릉-울릉(1구간),3,LV2,00
2021-07-14,2021-07-16 06:00,GR_0001_01,씨스타11,강릉-울릉(1구간),3,LV2,00
2021-07-14,2021-07-16 12:00,GR_0001_01,씨스타11,강릉-울릉(1구간),3,LV2,00
2021-07-14,2021-07-16 18:00,GR_0001_01,씨스타11,강릉-울릉(1구간),3,LV2,00
2021-07-14,2021-07-14 00:00,GR_0002_01,씨스타11,강릉-울릉(2구간),4,LV1,00
2021-07-14,2021-07-14 06:00,GR_0002_01,씨스타11,강릉-울릉(2구간),4,LV1,00
2021-07-14,2021-07-14 12:00,GR_0002_01,씨스타11,강릉-울릉(2구간),4,LV1,00
2021-07-14,2021-07-14 18:00,GR_0002_01,씨스타11,강릉-울릉(2구간),4,LV1,00
2021-07-14,2021-07-15 00:00,GR_0002_01,씨스타11,강릉-울릉(2구간),4,LV1,00
2021-07-14,2021-07-15 06:00,GR_0002_01,씨스타11,강릉-울릉(2구간),4,LV1,00
2021-07-14,2021-07-15 12:00,GR_0002_01,씨스타11,강릉-울릉(2구간),4,LV1,00
2021-07-14,2021-07-15 18:00,GR_0002_01,씨스타11,강릉-울릉(2구간),3,LV2,00
2021-07-14,2021-07-16 00:00,GR_0002_01,씨스타11,강릉-울릉(2구간),4,LV1,00
2021-07-14,2021-07-16 06:00,GR_0002_01,씨스타11,강릉-울릉(2구간),4,LV1,00
2021-07-14,2021-07-16 12:00,GR_0002_01,씨스타11,강릉-울릉(2구간),4,LV1,00
2021-07-14,2021-07-16 18:00,GR_0002_01,씨스타11,강릉-울릉(2구간),4,LV1,00
2021-07-14,2021-07-14 00:00,GR_0001_02,씨스타5,강릉-울릉(1구간),4,LV1,00
2021-07-14,2021-07-14 06:00,GR_0001_02,씨스타5,강릉-울릉(1구간),4,LV1,00
2021-07-14,2021-07-14 12:00,GR_0001_02,씨스타5,강릉-울릉(1구간),4,LV1,00
2021-07-14,2021-07-14 18:00,GR_0001_02,씨스타5,강릉-울릉(1구간),3,LV2,00
2021-07-14,2021-07-15 00:00,GR_0001_02,씨스타5,강릉-울릉(1구간),4,LV1,00
2021-07-14,2021-07-15 06:00,GR_0001_02,씨스타5,강릉-울릉(1구간),4,LV1,00
2021-07-14,2021-07-15 12:00,GR_0001_02,씨스타5,강릉-울릉(1구간),4,LV1,00
2021-07-14,2021-07-15 18:00,GR_0001_02,씨스타5,강릉-울릉(1구간),4,LV1,00
2021-07-14,2021-07-16 00:00,GR_0001_02,씨스타5,강릉-울릉(1구간),3,LV2,00
2021-07-14,2021-07-16 06:00,GR_0001_02,씨스타5,강릉-울릉(1구간),3,LV2,00
2021-07-14,2021-07-16 12:00,GR_0001_02,씨스타5,강릉-울릉(1구간),3,LV2,00
2021-07-14,2021-07-16 18:00,GR_0001_02,씨스타5,강릉-울릉(1구간),3,LV2,00
2021-07-14,2021-07-14 00:00,GR_0002_02,씨스타5,강릉-울릉(2구간),4,LV1,00
2021-07-14,2021-07-14 06:00,GR_0002_02,씨스타5,강릉-울릉(2구간),4,LV1,00
2021-07-14,2021-07-14 12:00,GR_0002_02,씨스타5,강릉-울릉(2구간),4,LV1,00
2021-07-14,2021-07-14 18:00,GR_0002_02,씨스타5,강릉-울릉(2구간),4,LV1,00
2021-07-14,2021-07-15 00:00,GR_0002_02,씨스타5,강릉-울릉(2구간),4,LV1,00
2021-07-14,2021-07-15 06:00,GR_0002_02,씨스타5,강릉-울릉(2구간),4,LV1,00
2021-07-14,2021-07-15 12:00,GR_0002_02,씨스타5,강릉-울릉(2구간),4,LV1,00
2021-07-14,2021-07-15 18:00,GR_0002_02,씨스타5,강릉-울릉(2구간),3,LV2,00
2021-07-14,2021-07-16 00:00,GR_0002_02,씨스타5,강릉-울릉(2구간),4,LV1,00
2021-07-14,2021-07-16 06:00,GR_0002_02,씨스타5,강릉-울릉(2구간),4,LV1,00
2021-07-14,2021-07-16 12:00,GR_0002_02,씨스타5,강릉-울릉(2구간),4,LV1,00
2021-07-14,2021-07-16 18:00,GR_0002_02,씨스타5,강릉-울릉(2구간),4,LV1,00
2021-07-14,2021-07-14 00:00,OS_0001_01,팬스타,부산-오사카(1구간),3,LV2,00
2021-07-14,2021-07-14 06:00,OS_0001_01,팬스타,부산-오사카(1구간),4,LV1,00
2021-07-14,2021-07-14 12:00,OS_0001_01,팬스타,부산-오사카(1구간),3,LV2,00
2021-07-14,2021-07-14 18:00,OS_0001_01,팬스타,부산-오사카(1구간),4,LV1,00
2021-07-14,2021-07-15 00:00,OS_0001_01,팬스타,부산-오사카(1구간),4,LV1,00
2021-07-14,2021-07-15 06:00,OS_0001_01,팬스타,부산-오사카(1구간),4,LV1,00
2021-07-14,2021-07-15 12:00,OS_0001_01,팬스타,부산-오사카(1구간),4,LV1,00
2021-07-14,2021-07-15 18:00,OS_0001_01,팬스타,부산-오사카(1구간),4,LV1,00
2021-07-14,2021-07-16 00:00,OS_0001_01,팬스타,부산-오사카(1구간),4,LV1,00
2021-07-14,2021-07-16 06:00,OS_0001_01,팬스타,부산-오사카(1구간),4,LV1,00
2021-07-14,2021-07-16 12:00,OS_0001_01,팬스타,부산-오사카(1구간),4,LV1,00
2021-07-14,2021-07-16 18:00,OS_0001_01,팬스타,부산-오사카(1구간),4,LV1,00
2021-07-14,2021-07-14 00:00,OS_0002_01,팬스타,부산-오사카(2구간),4,LV1,00
2021-07-14,2021-07-14 06:00,OS_0002_01,팬스타,부산-오사카(2구간),4,LV1,00
2021-07-14,2021-07-14 12:00,OS_0002_01,팬스타,부산-오사카(2구간),4,LV1,00
2021-07-14,2021-07-14 18:00,OS_0002_01,팬스타,부산-오사카(2구간),4,LV1,00
2021-07-14,2021-07-15 00:00,OS_0002_01,팬스타,부산-오사카(2구간),4,LV1,00
2021-07-14,2021-07-15 06:00,OS_0002_01,팬스타,부산-오사카(2구간),4,LV1,00
2021-07-14,2021-07-15 12:00,OS_0002_01,팬스타,부산-오사카(2구간),4,LV1,00
2021-07-14,2021-07-15 18:00,OS_0002_01,팬스타,부산-오사카(2구간),4,LV1,00
2021-07-14,2021-07-16 00:00,OS_0002_01,팬스타,부산-오사카(2구간),4,LV1,00
2021-07-14,2021-07-16 06:00,OS_0002_01,팬스타,부산-오사카(2구간),4,LV1,00
2021-07-14,2021-07-16 12:00,OS_0002_01,팬스타,부산-오사카(2구간),4,LV1,00
2021-07-14,2021-07-16 18:00,OS_0002_01,팬스타,부산-오사카(2구간),4,LV1,00
2021-07-14,2021-07-14 00:00,OS_0003_01,팬스타,부산-오사카(3구간),4,LV1,00
2021-07-14,2021-07-14 06:00,OS_0003_01,팬스타,부산-오사카(3구간),4,LV1,00
2021-07-14,2021-07-14 12:00,OS_0003_01,팬스타,부산-오사카(3구간),4,LV1,00
2021-07-14,2021-07-14 18:00,OS_0003_01,팬스타,부산-오사카(3구간),4,LV1,00
2021-07-14,2021-07-15 00:00,OS_0003_01,팬스타,부산-오사카(3구간),4,LV1,00
2021-07-14,2021-07-15 06:00,OS_0003_01,팬스타,부산-오사카(3구간),4,LV1,00
2021-07-14,2021-07-15 12:00,OS_0003_01,팬스타,부산-오사카(3구간),4,LV1,00
2021-07-14,2021-07-15 18:00,OS_0003_01,팬스타,부산-오사카(3구간),4,LV1,00
2021-07-14,2021-07-16 00:00,OS_0003_01,팬스타,부산-오사카(3구간),4,LV1,00
2021-07-14,2021-07-16 06:00,OS_0003_01,팬스타,부산-오사카(3구간),4,LV1,00
2021-07-14,2021-07-16 12:00,OS_0003_01,팬스타,부산-오사카(3구간),4,LV1,00
2021-07-14,2021-07-16 18:00,OS_0003_01,팬스타,부산-오사카(3구간),4,LV1,00
2021-07-14,2021-07-14 00:00,OS_0004_01,팬스타,부산-오사카(4구간),4,LV1,00
2021-07-14,2021-07-14 06:00,OS_0004_01,팬스타,부산-오사카(4구간),4,LV1,00
2021-07-14,2021-07-14 12:00,OS_0004_01,팬스타,부산-오사카(4구간),4,LV1,00
2021-07-14,2021-07-14 18:00,OS_0004_01,팬스타,부산-오사카(4구간),4,LV1,00
2021-07-14,2021-07-15 00:00,OS_0004_01,팬스타,부산-오사카(4구간),4,LV1,00
2021-07-14,2021-07-15 06:00,OS_0004_01,팬스타,부산-오사카(4구간),4,LV1,00
2021-07-14,2021-07-15 12:00,OS_0004_01,팬스타,부산-오사카(4구간),4,LV1,00
2021-07-14,2021-07-15 18:00,OS_0004_01,팬스타,부산-오사카(4구간),4,LV1,00
2021-07-14,2021-07-16 00:00,OS_0004_01,팬스타,부산-오사카(4구간),4,LV1,00
2021-07-14,2021-07-16 06:00,OS_0004_01,팬스타,부산-오사카(4구간),4,LV1,00
2021-07-14,2021-07-16 12:00,OS_0004_01,팬스타,부산-오사카(4구간),4,LV1,00
2021-07-14,2021-07-16 18:00,OS_0004_01,팬스타,부산-오사카(4구간),4,LV1,00
2021-07-14,2021-07-14 00:00,GP_0001_01,파장금카페리,격포-위도(1구간),3,LV2,00
2021-07-14,2021-07-14 06:00,GP_0001_01,파장금카페리,격포-위도(1구간),3,LV2,00
2021-07-14,2021-07-14 12:00,GP_0001_01,파장금카페리,격포-위도(1구간),3,LV2,00
2021-07-14,2021-07-14 18:00,GP_0001_01,파장금카페리,격포-위도(1구간),3,LV2,00
2021-07-14,2021-07-15 00:00,GP_0001_01,파장금카페리,격포-위도(1구간),3,LV2,00
2021-07-14,2021-07-15 06:00,GP_0001_01,파장금카페리,격포-위도(1구간),3,LV2,00
2021-07-14,2021-07-15 12:00,GP_0001_01,파장금카페리,격포-위도(1구간),3,LV2,00
2021-07-14,2021-07-15 18:00,GP_0001_01,파장금카페리,격포-위도(1구간),3,LV2,00
2021-07-14,2021-07-16 00:00,GP_0001_01,파장금카페리,격포-위도(1구간),3,LV2,00
2021-07-14,2021-07-16 06:00,GP_0001_01,파장금카페리,격포-위도(1구간),3,LV2,00
2021-07-14,2021-07-16 12:00,GP_0001_01,파장금카페리,격포-위도(1구간),3,LV2,00
2021-07-14,2021-07-16 18:00,GP_0001_01,파장금카페리,격포-위도(1구간),3,LV2,00
2021-07-14,2021-07-14 00:00,HD_0001_01,뉴골드스타,목포-홍도(1구간),3,LV2,00
2021-07-14,2021-07-14 06:00,HD_0001_01,뉴골드스타,목포-홍도(1구간),3,LV2,00
2021-07-14,2021-07-14 12:00,HD_0001_01,뉴골드스타,목포-홍도(1구간),3,LV2,00
2021-07-14,2021-07-14 18:00,HD_0001_01,뉴골드스타,목포-홍도(1구간),3,LV2,00
2021-07-14,2021-07-15 00:00,HD_0001_01,뉴골드스타,목포-홍도(1구간),3,LV2,00
2021-07-14,2021-07-15 06:00,HD_0001_01,뉴골드스타,목포-홍도(1구간),3,LV2,00
2021-07-14,2021-07-15 12:00,HD_0001_01,뉴골드스타,목포-홍도(1구간),3,LV2,00
2021-07-14,2021-07-15 18:00,HD_0001_01,뉴골드스타,목포-홍도(1구간),3,LV2,00
2021-07-14,2021-07-16 00:00,HD_0001_01,뉴골드스타,목포-홍도(1구간),3,LV2,00
2021-07-14,2021-07-16 06:00,HD_0001_01,뉴골드스타,목포-홍도(1구간),3,LV2,00
2021-07-14,2021-07-16 12:00,HD_0001_01,뉴골드스타,목포-홍도(1구간),3,LV2,00
2021-07-14,2021-07-16 18:00,HD_0001_01,뉴골드스타,목포-홍도(1구간),3,LV2,00
2021-07-14,2021-07-14 00:00,HD_0002_01,뉴골드스타,목포-홍도(2구간),2,LV3,00
2021-07-14,2021-07-14 06:00,HD_0002_01,뉴골드스타,목포-홍도(2구간),3,LV2,00
2021-07-14,2021-07-14 12:00,HD_0002_01,뉴골드스타,목포-홍도(2구간),2,LV3,00
2021-07-14,2021-07-14 18:00,HD_0002_01,뉴골드스타,목포-홍도(2구간),2,LV3,00
2021-07-14,2021-07-15 00:00,HD_0002_01,뉴골드스타,목포-홍도(2구간),3,LV2,00
2021-07-14,2021-07-15 06:00,HD_0002_01,뉴골드스타,목포-홍도(2구간),3,LV2,00
2021-07-14,2021-07-15 12:00,HD_0002_01,뉴골드스타,목포-홍도(2구간),3,LV2,00
2021-07-14,2021-07-15 18:00,HD_0002_01,뉴골드스타,목포-홍도(2구간),3,LV2,00
2021-07-14,2021-07-16 00:00,HD_0002_01,뉴골드스타,목포-홍도(2구간),3,LV2,00
2021-07-14,2021-07-16 06:00,HD_0002_01,뉴골드스타,목포-홍도(2구간),3,LV2,00
2021-07-14,2021-07-16 12:00,HD_0002_01,뉴골드스타,목포-홍도(2구간),3,LV2,00
2021-07-14,2021-07-16 18:00,HD_0002_01,뉴골드스타,목포-홍도(2구간),3,LV2,00
2021-07-14,2021-07-14 00:00,HD_0001_02,남해엔젤,목포-홍도(1구간),3,LV2,00
2021-07-14,2021-07-14 06:00,HD_0001_02,남해엔젤,목포-홍도(1구간),3,LV2,00
2021-07-14,2021-07-14 12:00,HD_0001_02,남해엔젤,목포-홍도(1구간),3,LV2,00
2021-07-14,2021-07-14 18:00,HD_0001_02,남해엔젤,목포-홍도(1구간),3,LV2,00
2021-07-14,2021-07-15 00:00,HD_0001_02,남해엔젤,목포-홍도(1구간),3,LV2,00
2021-07-14,2021-07-15 06:00,HD_0001_02,남해엔젤,목포-홍도(1구간),3,LV2,00
2021-07-14,2021-07-15 12:00,HD_0001_02,남해엔젤,목포-홍도(1구간),3,LV2,00
2021-07-14,2021-07-15 18:00,HD_0001_02,남해엔젤,목포-홍도(1구간),3,LV2,00
2021-07-14,2021-07-16 00:00,HD_0001_02,남해엔젤,목포-홍도(1구간),3,LV2,00
2021-07-14,2021-07-16 06:00,HD_0001_02,남해엔젤,목포-홍도(1구간),3,LV2,00
2021-07-14,2021-07-16 12:00,HD_0001_02,남해엔젤,목포-홍도(1구간),4,LV1,00
2021-07-14,2021-07-16 18:00,HD_0001_02,남해엔젤,목포-홍도(1구간),4,LV1,00
2021-07-14,2021-07-14 00:00,HD_0002_02,남해엔젤,목포-홍도(2구간),2,LV3,00
2021-07-14,2021-07-14 06:00,HD_0002_02,남해엔젤,목포-홍도(2구간),3,LV2,00
2021-07-14,2021-07-14 12:00,HD_0002_02,남해엔젤,목포-홍도(2구간),3,LV2,00
2021-07-14,2021-07-14 18:00,HD_0002_02,남해엔젤,목포-홍도(2구간),3,LV2,00
2021-07-14,2021-07-15 00:00,HD_0002_02,남해엔젤,목포-홍도(2구간),3,LV2,00
2021-07-14,2021-07-15 06:00,HD_0002_02,남해엔젤,목포-홍도(2구간),3,LV2,00
2021-07-14,2021-07-15 12:00,HD_0002_02,남해엔젤,목포-홍도(2구간),3,LV2,00
2021-07-14,2021-07-15 18:00,HD_0002_02,남해엔젤,목포-홍도(2구간),3,LV2,00
2021-07-14,2021-07-16 00:00,HD_0002_02,남해엔젤,목포-홍도(2구간),3,LV2,00
2021-07-14,2021-07-16 06:00,HD_0002_02,남해엔젤,목포-홍도(2구간),3,LV2,00
2021-07-14,2021-07-16 12:00,HD_0002_02,남해엔젤,목포-홍도(2구간),3,LV2,00
2021-07-14,2021-07-16 18:00,HD_0002_02,남해엔젤,목포-홍도(2구간),3,LV2,00
2021-07-14,2021-07-14 00:00,CS_0001_01,퀸청산,완도-청산(1구간),3,LV2,00
2021-07-14,2021-07-14 06:00,CS_0001_01,퀸청산,완도-청산(1구간),3,LV2,00
2021-07-14,2021-07-14 12:00,CS_0001_01,퀸청산,완도-청산(1구간),3,LV2,00
2021-07-14,2021-07-14 18:00,CS_0001_01,퀸청산,완도-청산(1구간),3,LV2,00
2021-07-14,2021-07-15 00:00,CS_0001_01,퀸청산,완도-청산(1구간),3,LV2,00
2021-07-14,2021-07-15 06:00,CS_0001_01,퀸청산,완도-청산(1구간),3,LV2,00
2021-07-14,2021-07-15 12:00,CS_0001_01,퀸청산,완도-청산(1구간),3,LV2,00
2021-07-14,2021-07-15 18:00,CS_0001_01,퀸청산,완도-청산(1구간),3,LV2,00
2021-07-14,2021-07-16 00:00,CS_0001_01,퀸청산,완도-청산(1구간),3,LV2,00
2021-07-14,2021-07-16 06:00,CS_0001_01,퀸청산,완도-청산(1구간),3,LV2,00
2021-07-14,2021-07-16 12:00,CS_0001_01,퀸청산,완도-청산(1구간),3,LV2,00
2021-07-14,2021-07-16 18:00,CS_0001_01,퀸청산,완도-청산(1구간),3,LV2,00
2021-07-14,2021-07-14 00:00,CS_0001_02,청산아일랜드,완도-청산(1구간),3,LV2,00
2021-07-14,2021-07-14 06:00,CS_0001_02,청산아일랜드,완도-청산(1구간),3,LV2,00
2021-07-14,2021-07-14 12:00,CS_0001_02,청산아일랜드,완도-청산(1구간),3,LV2,00
2021-07-14,2021-07-14 18:00,CS_0001_02,청산아일랜드,완도-청산(1구간),3,LV2,00
2021-07-14,2021-07-15 00:00,CS_0001_02,청산아일랜드,완도-청산(1구간),3,LV2,00
2021-07-14,2021-07-15 06:00,CS_0001_02,청산아일랜드,완도-청산(1구간),3,LV2,00
2021-07-14,2021-07-15 12:00,CS_0001_02,청산아일랜드,완도-청산(1구간),3,LV2,00
2021-07-14,2021-07-15 18:00,CS_0001_02,청산아일랜드,완도-청산(1구간),3,LV2,00
2021-07-14,2021-07-16 00:00,CS_0001_02,청산아일랜드,완도-청산(1구간),3,LV2,00
2021-07-14,2021-07-16 06:00,CS_0001_02,청산아일랜드,완도-청산(1구간),3,LV2,00
2021-07-14,2021-07-16 12:00,CS_0001_02,청산아일랜드,완도-청산(1구간),3,LV2,00
2021-07-14,2021-07-16 18:00,CS_0001_02,청산아일랜드,완도-청산(1구간),3,LV2,00
2021-07-14,2021-07-14 00:00,TY_0001_01,한솔1,통영-소매물(1구간),3,LV2,00
2021-07-14,2021-07-14 06:00,TY_0001_01,한솔1,통영-소매물(1구간),3,LV2,00
2021-07-14,2021-07-14 12:00,TY_0001_01,한솔1,통영-소매물(1구간),3,LV2,00
2021-07-14,2021-07-14 18:00,TY_0001_01,한솔1,통영-소매물(1구간),3,LV2,00
2021-07-14,2021-07-15 00:00,TY_0001_01,한솔1,통영-소매물(1구간),3,LV2,00
2021-07-14,2021-07-15 06:00,TY_0001_01,한솔1,통영-소매물(1구간),3,LV2,00
2021-07-14,2021-07-15 12:00,TY_0001_01,한솔1,통영-소매물(1구간),3,LV2,00
2021-07-14,2021-07-15 18:00,TY_0001_01,한솔1,통영-소매물(1구간),3,LV2,00
2021-07-14,2021-07-16 00:00,TY_0001_01,한솔1,통영-소매물(1구간),3,LV2,00
2021-07-14,2021-07-16 06:00,TY_0001_01,한솔1,통영-소매물(1구간),3,LV2,00
2021-07-14,2021-07-16 12:00,TY_0001_01,한솔1,통영-소매물(1구간),3,LV2,00
2021-07-14,2021-07-16 18:00,TY_0001_01,한솔1,통영-소매물(1구간),3,LV2,00
2021-07-14,2021-07-14 00:00,TY_0001_02,한솔2,통영-소매물(1구간),3,LV2,00
2021-07-14,2021-07-14 06:00,TY_0001_02,한솔2,통영-소매물(1구간),3,LV2,00
2021-07-14,2021-07-14 12:00,TY_0001_02,한솔2,통영-소매물(1구간),3,LV2,00
2021-07-14,2021-07-14 18:00,TY_0001_02,한솔2,통영-소매물(1구간),3,LV2,00
2021-07-14,2021-07-15 00:00,TY_0001_02,한솔2,통영-소매물(1구간),3,LV2,00
2021-07-14,2021-07-15 06:00,TY_0001_02,한솔2,통영-소매물(1구간),3,LV2,00
2021-07-14,2021-07-15 12:00,TY_0001_02,한솔2,통영-소매물(1구간),3,LV2,00
2021-07-14,2021-07-15 18:00,TY_0001_02,한솔2,통영-소매물(1구간),3,LV2,00
2021-07-14,2021-07-16 00:00,TY_0001_02,한솔2,통영-소매물(1구간),3,LV2,00
2021-07-14,2021-07-16 06:00,TY_0001_02,한솔2,통영-소매물(1구간),3,LV2,00
2021-07-14,2021-07-16 12:00,TY_0001_02,한솔2,통영-소매물(1구간),3,LV2,00
2021-07-14,2021-07-16 18:00,TY_0001_02,한솔2,통영-소매물(1구간),3,LV2,00
2021-07-14,2021-07-14 00:00,DD_0001_01,동방명주6,인천-단동(1구간),3,LV2,00
2021-07-14,2021-07-14 06:00,DD_0001_01,동방명주6,인천-단동(1구간),3,LV2,00
2021-07-14,2021-07-14 12:00,DD_0001_01,동방명주6,인천-단동(1구간),3,LV2,00
2021-07-14,2021-07-14 18:00,DD_0001_01,동방명주6,인천-단동(1구간),3,LV2,00
2021-07-14,2021-07-15 00:00,DD_0001_01,동방명주6,인천-단동(1구간),3,LV2,00
2021-07-14,2021-07-15 06:00,DD_0001_01,동방명주6,인천-단동(1구간),3,LV2,00
2021-07-14,2021-07-15 12:00,DD_0001_01,동방명주6,인천-단동(1구간),4,LV1,00
2021-07-14,2021-07-15 18:00,DD_0001_01,동방명주6,인천-단동(1구간),4,LV1,00
2021-07-14,2021-07-16 00:00,DD_0001_01,동방명주6,인천-단동(1구간),4,LV1,00
2021-07-14,2021-07-16 06:00,DD_0001_01,동방명주6,인천-단동(1구간),4,LV1,00
2021-07-14,2021-07-16 12:00,DD_0001_01,동방명주6,인천-단동(1구간),4,LV1,00
2021-07-14,2021-07-16 18:00,DD_0001_01,동방명주6,인천-단동(1구간),4,LV1,00
2021-07-14,2021-07-14 00:00,DD_0002_01,동방명주6,인천-단동(2구간),3,LV2,00
2021-07-14,2021-07-14 06:00,DD_0002_01,동방명주6,인천-단동(2구간),3,LV2,00
2021-07-14,2021-07-14 12:00,DD_0002_01,동방명주6,인천-단동(2구간),3,LV2,00
2021-07-14,2021-07-14 18:00,DD_0002_01,동방명주6,인천-단동(2구간),3,LV2,00
2021-07-14,2021-07-15 00:00,DD_0002_01,동방명주6,인천-단동(2구간),3,LV2,00
2021-07-14,2021-07-15 06:00,DD_0002_01,동방명주6,인천-단동(2구간),3,LV2,00
2021-07-14,2021-07-15 12:00,DD_0002_01,동방명주6,인천-단동(2구간),3,LV2,00
2021-07-14,2021-07-15 18:00,DD_0002_01,동방명주6,인천-단동(2구간),3,LV2,00
2021-07-14,2021-07-16 00:00,DD_0002_01,동방명주6,인천-단동(2구간),3,LV2,00
2021-07-14,2021-07-16 06:00,DD_0002_01,동방명주6,인천-단동(2구간),4,LV1,00
2021-07-14,2021-07-16 12:00,DD_0002_01,동방명주6,인천-단동(2구간),4,LV1,00
2021-07-14,2021-07-16 18:00,DD_0002_01,동방명주6,인천-단동(2구간),4,LV1,00
2021-07-14,2021-07-14 00:00,DD_0003_01,동방명주6,인천-단동(3구간),3,LV2,00
2021-07-14,2021-07-14 06:00,DD_0003_01,동방명주6,인천-단동(3구간),3,LV2,00
2021-07-14,2021-07-14 12:00,DD_0003_01,동방명주6,인천-단동(3구간),3,LV2,00
2021-07-14,2021-07-14 18:00,DD_0003_01,동방명주6,인천-단동(3구간),3,LV2,00
2021-07-14,2021-07-15 00:00,DD_0003_01,동방명주6,인천-단동(3구간),3,LV2,00
2021-07-14,2021-07-15 06:00,DD_0003_01,동방명주6,인천-단동(3구간),3,LV2,00
2021-07-14,2021-07-15 12:00,DD_0003_01,동방명주6,인천-단동(3구간),3,LV2,00
2021-07-14,2021-07-15 18:00,DD_0003_01,동방명주6,인천-단동(3구간),3,LV2,00
2021-07-14,2021-07-16 00:00,DD_0003_01,동방명주6,인천-단동(3구간),3,LV2,00
2021-07-14,2021-07-16 06:00,DD_0003_01,동방명주6,인천-단동(3구간),3,LV2,00
2021-07-14,2021-07-16 12:00,DD_0003_01,동방명주6,인천-단동(3구간),4,LV1,00
2021-07-14,2021-07-16 18:00,DD_0003_01,동방명주6,인천-단동(3구간),4,LV1,00
2021-07-14,2021-07-14 00:00,SD_0001_01,화동명주8,인천-석도(1구간),4,LV1,00
2021-07-14,2021-07-14 06:00,SD_0001_01,화동명주8,인천-석도(1구간),4,LV1,00
2021-07-14,2021-07-14 12:00,SD_0001_01,화동명주8,인천-석도(1구간),4,LV1,00
2021-07-14,2021-07-14 18:00,SD_0001_01,화동명주8,인천-석도(1구간),4,LV1,00
2021-07-14,2021-07-15 00:00,SD_0001_01,화동명주8,인천-석도(1구간),4,LV1,00
2021-07-14,2021-07-15 06:00,SD_0001_01,화동명주8,인천-석도(1구간),4,LV1,00
2021-07-14,2021-07-15 12:00,SD_0001_01,화동명주8,인천-석도(1구간),4,LV1,00
2021-07-14,2021-07-15 18:00,SD_0001_01,화동명주8,인천-석도(1구간),4,LV1,00
2021-07-14,2021-07-16 00:00,SD_0001_01,화동명주8,인천-석도(1구간),4,LV1,00
2021-07-14,2021-07-16 06:00,SD_0001_01,화동명주8,인천-석도(1구간),4,LV1,00
2021-07-14,2021-07-16 12:00,SD_0001_01,화동명주8,인천-석도(1구간),4,LV1,00
2021-07-14,2021-07-16 18:00,SD_0001_01,화동명주8,인천-석도(1구간),4,LV1,00
2021-07-14,2021-07-14 00:00,SD_0002_01,화동명주8,인천-석도(2구간),3,LV2,00
2021-07-14,2021-07-14 06:00,SD_0002_01,화동명주8,인천-석도(2구간),3,LV2,00
2021-07-14,2021-07-14 12:00,SD_0002_01,화동명주8,인천-석도(2구간),3,LV2,00
2021-07-14,2021-07-14 18:00,SD_0002_01,화동명주8,인천-석도(2구간),3,LV2,00
2021-07-14,2021-07-15 00:00,SD_0002_01,화동명주8,인천-석도(2구간),3,LV2,00
2021-07-14,2021-07-15 06:00,SD_0002_01,화동명주8,인천-석도(2구간),3,LV2,00
2021-07-14,2021-07-15 12:00,SD_0002_01,화동명주8,인천-석도(2구간),3,LV2,00
2021-07-14,2021-07-15 18:00,SD_0002_01,화동명주8,인천-석도(2구간),3,LV2,00
2021-07-14,2021-07-16 00:00,SD_0002_01,화동명주8,인천-석도(2구간),3,LV2,00
2021-07-14,2021-07-16 06:00,SD_0002_01,화동명주8,인천-석도(2구간),3,LV2,00
2021-07-14,2021-07-16 12:00,SD_0002_01,화동명주8,인천-석도(2구간),4,LV1,00
2021-07-14,2021-07-16 18:00,SD_0002_01,화동명주8,인천-석도(2구간),4,LV1,00
2021-07-14,2021-07-14 00:00,SD_0003_01,화동명주8,인천-석도(3구간),3,LV2,00
2021-07-14,2021-07-14 06:00,SD_0003_01,화동명주8,인천-석도(3구간),3,LV2,00
2021-07-14,2021-07-14 12:00,SD_0003_01,화동명주8,인천-석도(3구간),3,LV2,00
2021-07-14,2021-07-14 18:00,SD_0003_01,화동명주8,인천-석도(3구간),3,LV2,00
2021-07-14,2021-07-15 00:00,SD_0003_01,화동명주8,인천-석도(3구간),3,LV2,00
2021-07-14,2021-07-15 06:00,SD_0003_01,화동명주8,인천-석도(3구간),3,LV2,00
2021-07-14,2021-07-15 12:00,SD_0003_01,화동명주8,인천-석도(3구간),3,LV2,00
2021-07-14,2021-07-15 18:00,SD_0003_01,화동명주8,인천-석도(3구간),3,LV2,00
2021-07-14,2021-07-16 00:00,SD_0003_01,화동명주8,인천-석도(3구간),3,LV2,00
2021-07-14,2021-07-16 06:00,SD_0003_01,화동명주8,인천-석도(3구간),3,LV2,00
2021-07-14,2021-07-16 12:00,SD_0003_01,화동명주8,인천-석도(3구간),3,LV2,00
2021-07-14,2021-07-16 18:00,SD_0003_01,화동명주8,인천-석도(3구간),3,LV2,00
2021-07-14,2021-07-14 00:00,DC_0001_01,웨스트프론티어,대천-외연(1구간),3,LV2,00
2021-07-14,2021-07-14 06:00,DC_0001_01,웨스트프론티어,대천-외연(1구간),3,LV2,00
2021-07-14,2021-07-14 12:00,DC_0001_01,웨스트프론티어,대천-외연(1구간),3,LV2,00
2021-07-14,2021-07-14 18:00,DC_0001_01,웨스트프론티어,대천-외연(1구간),3,LV2,00
2021-07-14,2021-07-15 00:00,DC_0001_01,웨스트프론티어,대천-외연(1구간),3,LV2,00
2021-07-14,2021-07-15 06:00,DC_0001_01,웨스트프론티어,대천-외연(1구간),3,LV2,00
2021-07-14,2021-07-15 12:00,DC_0001_01,웨스트프론티어,대천-외연(1구간),3,LV2,00
2021-07-14,2021-07-15 18:00,DC_0001_01,웨스트프론티어,대천-외연(1구간),3,LV2,00
2021-07-14,2021-07-16 00:00,DC_0001_01,웨스트프론티어,대천-외연(1구간),3,LV2,00
2021-07-14,2021-07-16 06:00,DC_0001_01,웨스트프론티어,대천-외연(1구간),3,LV2,00
2021-07-14,2021-07-16 12:00,DC_0001_01,웨스트프론티어,대천-외연(1구간),3,LV2,00
2021-07-14,2021-07-16 18:00,DC_0001_01,웨스트프론티어,대천-외연(1구간),3,LV2,00
2021-07-14,2021-07-14 00:00,DC_0002_01,웨스트프론티어,대천-외연(2구간),2,LV3,00
2021-07-14,2021-07-14 06:00,DC_0002_01,웨스트프론티어,대천-외연(2구간),2,LV3,00
2021-07-14,2021-07-14 12:00,DC_0002_01,웨스트프론티어,대천-외연(2구간),2,LV3,00
2021-07-14,2021-07-14 18:00,DC_0002_01,웨스트프론티어,대천-외연(2구간),2,LV3,00
2021-07-14,2021-07-15 00:00,DC_0002_01,웨스트프론티어,대천-외연(2구간),3,LV2,00
2021-07-14,2021-07-15 06:00,DC_0002_01,웨스트프론티어,대천-외연(2구간),3,LV2,00
2021-07-14,2021-07-15 12:00,DC_0002_01,웨스트프론티어,대천-외연(2구간),3,LV2,00
2021-07-14,2021-07-15 18:00,DC_0002_01,웨스트프론티어,대천-외연(2구간),3,LV2,00
2021-07-14,2021-07-16 00:00,DC_0002_01,웨스트프론티어,대천-외연(2구간),3,LV2,00
2021-07-14,2021-07-16 06:00,DC_0002_01,웨스트프론티어,대천-외연(2구간),3,LV2,00
2021-07-14,2021-07-16 12:00,DC_0002_01,웨스트프론티어,대천-외연(2구간),3,LV2,00
2021-07-14,2021-07-16 18:00,DC_0002_01,웨스트프론티어,대천-외연(2구간),3,LV2,00
2021-07-14,2021-07-14 00:00,YS_0001_01,한일골드스텔라,여수-제주(1구간),4,LV1,00
2021-07-14,2021-07-14 06:00,YS_0001_01,한일골드스텔라,여수-제주(1구간),4,LV1,00
2021-07-14,2021-07-14 12:00,YS_0001_01,한일골드스텔라,여수-제주(1구간),4,LV1,00
2021-07-14,2021-07-14 18:00,YS_0001_01,한일골드스텔라,여수-제주(1구간),4,LV1,00
2021-07-14,2021-07-15 00:00,YS_0001_01,한일골드스텔라,여수-제주(1구간),4,LV1,00
2021-07-14,2021-07-15 06:00,YS_0001_01,한일골드스텔라,여수-제주(1구간),4,LV1,00
2021-07-14,2021-07-15 12:00,YS_0001_01,한일골드스텔라,여수-제주(1구간),4,LV1,00
2021-07-14,2021-07-15 18:00,YS_0001_01,한일골드스텔라,여수-제주(1구간),4,LV1,00
2021-07-14,2021-07-16 00:00,YS_0001_01,한일골드스텔라,여수-제주(1구간),4,LV1,00
2021-07-14,2021-07-16 06:00,YS_0001_01,한일골드스텔라,여수-제주(1구간),4,LV1,00
2021-07-14,2021-07-16 12:00,YS_0001_01,한일골드스텔라,여수-제주(1구간),4,LV1,00
2021-07-14,2021-07-16 18:00,YS_0001_01,한일골드스텔라,여수-제주(1구간),4,LV1,00
2021-07-14,2021-07-14 00:00,YS_0002_01,한일골드스텔라,여수-제주(2구간),4,LV1,00
2021-07-14,2021-07-14 06:00,YS_0002_01,한일골드스텔라,여수-제주(2구간),4,LV1,00
2021-07-14,2021-07-14 12:00,YS_0002_01,한일골드스텔라,여수-제주(2구간),4,LV1,00
2021-07-14,2021-07-14 18:00,YS_0002_01,한일골드스텔라,여수-제주(2구간),4,LV1,00
2021-07-14,2021-07-15 00:00,YS_0002_01,한일골드스텔라,여수-제주(2구간),4,LV1,00
2021-07-14,2021-07-15 06:00,YS_0002_01,한일골드스텔라,여수-제주(2구간),4,LV1,00
2021-07-14,2021-07-15 12:00,YS_0002_01,한일골드스텔라,여수-제주(2구간),4,LV1,00
2021-07-14,2021-07-15 18:00,YS_0002_01,한일골드스텔라,여수-제주(2구간),4,LV1,00
2021-07-14,2021-07-16 00:00,YS_0002_01,한일골드스텔라,여수-제주(2구간),4,LV1,00
2021-07-14,2021-07-16 06:00,YS_0002_01,한일골드스텔라,여수-제주(2구간),4,LV1,00
2021-07-14,2021-07-16 12:00,YS_0002_01,한일골드스텔라,여수-제주(2구간),4,LV1,00
2021-07-14,2021-07-16 18:00,YS_0002_01,한일골드스텔라,여수-제주(2구간),4,LV1,00
2021-07-14,2021-07-14 00:00,HP_0001_01,씨플라워,후포-울릉(1구간),4,LV1,00
2021-07-14,2021-07-14 06:00,HP_0001_01,씨플라워,후포-울릉(1구간),4,LV1,00
2021-07-14,2021-07-14 12:00,HP_0001_01,씨플라워,후포-울릉(1구간),3,LV2,00
2021-07-14,2021-07-14 18:00,HP_0001_01,씨플라워,후포-울릉(1구간),4,LV1,00
2021-07-14,2021-07-15 00:00,HP_0001_01,씨플라워,후포-울릉(1구간),4,LV1,00
2021-07-14,2021-07-15 06:00,HP_0001_01,씨플라워,후포-울릉(1구간),4,LV1,00
2021-07-14,2021-07-15 12:00,HP_0001_01,씨플라워,후포-울릉(1구간),4,LV1,00
2021-07-14,2021-07-15 18:00,HP_0001_01,씨플라워,후포-울릉(1구간),4,LV1,00
2021-07-14,2021-07-16 00:00,HP_0001_01,씨플라워,후포-울릉(1구간),4,LV1,00
2021-07-14,2021-07-16 06:00,HP_0001_01,씨플라워,후포-울릉(1구간),3,LV2,00
2021-07-14,2021-07-16 12:00,HP_0001_01,씨플라워,후포-울릉(1구간),4,LV1,00
2021-07-14,2021-07-16 18:00,HP_0001_01,씨플라워,후포-울릉(1구간),4,LV1,00
2021-07-14,2021-07-14 00:00,HP_0002_01,씨플라워,후포-울릉(2구간),4,LV1,00
2021-07-14,2021-07-14 06:00,HP_0002_01,씨플라워,후포-울릉(2구간),4,LV1,00
2021-07-14,2021-07-14 12:00,HP_0002_01,씨플라워,후포-울릉(2구간),4,LV1,00
2021-07-14,2021-07-14 18:00,HP_0002_01,씨플라워,후포-울릉(2구간),4,LV1,00
2021-07-14,2021-07-15 00:00,HP_0002_01,씨플라워,후포-울릉(2구간),4,LV1,00
2021-07-14,2021-07-15 06:00,HP_0002_01,씨플라워,후포-울릉(2구간),3,LV2,00
2021-07-14,2021-07-15 12:00,HP_0002_01,씨플라워,후포-울릉(2구간),4,LV1,00
2021-07-14,2021-07-15 18:00,HP_0002_01,씨플라워,후포-울릉(2구간),4,LV1,00
2021-07-14,2021-07-16 00:00,HP_0002_01,씨플라워,후포-울릉(2구간),4,LV1,00
2021-07-14,2021-07-16 06:00,HP_0002_01,씨플라워,후포-울릉(2구간),3,LV2,00
2021-07-14,2021-07-16 12:00,HP_0002_01,씨플라워,후포-울릉(2구간),4,LV1,00
2021-07-14,2021-07-16 18:00,HP_0002_01,씨플라워,후포-울릉(2구간),4,LV1,00
