생산일,코드,항로명,선박명,선박종류,예측일자,시간,운항시간,운항시간점수,선박톤수,선박톤수점수,최소파고,평균파고,최대파고,파고점수,최소풍속,평균풍속,최대풍속,풍속점수,특보,특보점수,총점수,예보지수
20210831,SK1,인천-백령,하모니플라워,쾌속카페리,20210831,AM,3.7,1,2071,4,0.1,0.1,0.3,5,1.8,4.1,7.7,3,-,5,3.62,좋음
20210831,SK1,인천-백령,하모니플라워,쾌속카페리,20210831,PM,3.7,1,2071,4,0.2,0.6,1.3,3,2.7,7.6,11.9,2,WW,1,1,매우나쁨
20210831,SK1,인천-백령,코리아킹,초쾌속선,20210831,AM,3.7,1,534,3,0.1,0.1,0.3,5,1.8,4.1,7.7,3,-,5,3.5,좋음
20210831,SK1,인천-백령,코리아킹,초쾌속선,20210831,PM,3.7,1,534,3,0.2,0.6,1.3,3,2.7,7.6,11.9,2,WW,1,1,매우나쁨
20210831,SK2,인천-연평,플라잉카페리,쾌속카페리,20210831,AM,2,3,573,3,0.1,0.1,0.3,5,2.2,4,5.9,3,-,5,3.9,좋음
20210831,SK2,인천-연평,플라잉카페리,쾌속카페리,20210831,PM,2,3,573,3,0.4,0.9,1.3,3,2.7,6.2,11.5,2,WW,1,1,매우나쁨
20210831,SK19,인천-단동,동방명주6,카페리,20210831,AM,16,1,16537,5,0.1,0.1,0.3,5,1.1,4.4,7.7,3,-,5,3.75,좋음
20210831,SK19,인천-단동,동방명주6,카페리,20210831,PM,16,1,16537,5,0.4,0.7,1.3,3,0.5,7.3,13.4,2,WW,1,1,매우나쁨
20210831,SK20,인천-석도,화동명주8,카페리,20210831,AM,14,1,35092,5,0.1,0.1,0.3,5,2.2,6.7,10.1,2,-,5,1.5,나쁨
20210831,SK20,인천-석도,화동명주8,카페리,20210831,PM,14,1,35092,5,0.3,0.8,1.3,3,4.1,9.9,13.9,2,WW,1,1,매우나쁨
20210831,SK21,대천-외연,웨스트프론티어,일반선,20210831,AM,2.2,3,140,2,0.1,0.1,0.2,5,1.3,3,4.3,4,-,5,4,좋음
20210831,SK21,대천-외연,웨스트프론티어,일반선,20210831,PM,2.2,3,140,2,0.1,0.1,0.2,5,3.2,6.5,9.2,2,WW,1,1,매우나쁨
20210831,SK3,군산-어청,뉴어청훼리,고속선,20210831,AM,2.7,2,121,2,0.2,0.2,0.4,5,0.8,2.4,4.1,4,-,5,3.8,좋음
20210831,SK3,군산-어청,뉴어청훼리,고속선,20210831,PM,2.7,2,121,2,0.1,0.1,0.2,5,0.8,3.3,7.5,3,WW,1,1,매우나쁨
20210831,SK14,격포-위도,파장금카페리,고속선,20210831,AM,0.8,4,322,2,0.2,0.2,0.3,5,1.8,2.8,3.4,4,-,5,4.2,좋음
20210831,SK14,격포-위도,파장금카페리,고속선,20210831,PM,0.8,4,322,2,0.1,0.1,0.2,5,1.3,2.2,3.2,4,-,5,4.2,좋음
20210831,SK18,목포-홍도,뉴골드스타,초쾌속선,20210831,AM,2.5,2,308,2,0.1,0.2,0.3,5,0.8,2.9,4.8,4,-,5,3.8,좋음
20210831,SK18,목포-홍도,뉴골드스타,초쾌속선,20210831,PM,2.5,2,308,2,0.1,0.2,0.5,4,2.9,5.4,7.1,3,-,5,3.12,보통
20210831,SK18,목포-홍도,남해엔젤,초쾌속선,20210831,AM,2.5,2,319,2,0.1,0.2,0.3,5,0.8,2.9,4.8,4,-,5,3.8,좋음
20210831,SK18,목포-홍도,남해엔젤,초쾌속선,20210831,PM,2.5,2,319,2,0.1,0.2,0.5,4,2.9,5.4,7.1,3,-,5,3.12,보통
20210831,SK4,목포-제주,퀸제누비아,카페리,20210831,AM,4.5,1,27391,5,0.1,0.1,0.3,5,0.5,2.5,5.3,3,-,5,3.75,좋음
20210831,SK4,목포-제주,퀸제누비아,카페리,20210831,PM,4.5,1,27391,5,0.1,0.1,0.3,5,1.1,3.9,7,3,-,5,3.75,좋음
20210831,SK4,목포-제주,퀸메리,카페리,20210831,AM,4.5,1,13665,5,0.1,0.1,0.3,5,0.5,2.5,5.3,3,-,5,3.75,좋음
20210831,SK4,목포-제주,퀸메리,카페리,20210831,PM,4.5,1,13665,5,0.1,0.1,0.3,5,1.1,3.9,7,3,-,5,3.75,좋음
20210831,SK5,완도-제주,송림블루오션,카페리,20210831,AM,5,1,2374,4,0.1,0.1,0.3,5,0.9,2.4,4.9,4,-,5,3.85,좋음
20210831,SK5,완도-제주,송림블루오션,카페리,20210831,PM,5,1,2374,4,0.1,0.1,0.3,5,0.9,3,5.3,3,-,5,3.62,좋음
20210831,SK5,완도-제주,한일블루나래,쾌속카페리,20210831,AM,1.7,3,1605,4,0.1,0.1,0.3,5,0.9,2.4,4.9,4,-,5,4.25,좋음
20210831,SK5,완도-제주,한일블루나래,쾌속카페리,20210831,PM,1.7,3,1605,4,0.1,0.1,0.3,5,0.9,3,5.3,3,-,5,4.03,좋음
20210831,SK5,완도-제주,실버클라우드,카페리,20210831,AM,2.7,2,20263,5,0.1,0.1,0.3,5,0.9,2.4,4.9,4,-,5,4.17,좋음
20210831,SK5,완도-제주,실버클라우드,카페리,20210831,PM,2.7,2,20263,5,0.1,0.1,0.3,5,0.9,3,5.3,3,-,5,3.95,좋음
20210831,SK16,완도-청산,퀸청산,고속선,20210831,AM,0.8,4,997,3,0.2,0.2,0.3,5,0.9,2.8,4.9,4,-,5,4.33,좋음
20210831,SK16,완도-청산,퀸청산,고속선,20210831,PM,0.8,4,997,3,0.1,0.1,0.2,5,0.9,3.3,5.3,3,-,5,4.1,좋음
20210831,SK16,완도-청산,청산아일랜드,고속선,20210831,AM,0.8,4,498,2,0.2,0.2,0.3,5,0.9,2.8,4.9,4,-,5,4.2,좋음
20210831,SK16,완도-청산,청산아일랜드,고속선,20210831,PM,0.8,4,498,2,0.1,0.1,0.2,5,0.9,3.3,5.3,3,-,5,3.97,좋음
20210831,SK6,녹동-제주,아리온제주,카페리,20210831,AM,3.8,1,6266,5,0.1,0.1,0.2,5,1,2.1,3.8,4,-,5,3.98,좋음
20210831,SK6,녹동-제주,아리온제주,카페리,20210831,PM,3.8,1,6266,5,0.1,0.1,0.2,5,1.5,4,5.8,3,-,5,3.75,좋음
20210831,SK22,여수-제주,한일골드스텔라,카페리,20210831,AM,5,1,15195,5,0.2,0.2,0.3,5,0.7,2,5.1,3,-,5,3.75,좋음
20210831,SK22,여수-제주,한일골드스텔라,카페리,20210831,PM,5,1,15195,5,0.1,0.1,0.2,5,1.5,4.1,6.5,3,-,5,3.75,좋음
20210831,SK17,통영-소매물,한솔1,고속선,20210831,AM,1.7,3,128,2,0.2,0.2,0.3,5,1.7,3.6,4.9,4,-,5,4,좋음
20210831,SK17,통영-소매물,한솔1,고속선,20210831,PM,1.7,3,128,2,0.2,0.2,0.3,5,3.6,5,5.9,3,-,5,3.77,좋음
20210831,SK17,통영-소매물,한솔2,고속선,20210831,AM,1.7,3,109,2,0.2,0.2,0.3,5,1.7,3.6,4.9,4,-,5,4,좋음
20210831,SK17,통영-소매물,한솔2,고속선,20210831,PM,1.7,3,109,2,0.2,0.2,0.3,5,3.6,5,5.9,3,-,5,3.77,좋음
20210831,SK10,부산-제주,뉴스타,일반카페리,20210831,AM,12,1,9997,5,0.3,0.3,0.4,5,0.6,2.7,5.9,3,-,5,3.75,좋음
20210831,SK10,부산-제주,뉴스타,일반카페리,20210831,PM,12,1,9997,5,0.1,0.1,0.3,5,1.2,3.6,6.6,3,-,5,3.75,좋음
20210831,SK11,부산-대마,오션플라워,초쾌속선,20210831,AM,1.2,4,445,2,0.3,0.3,0.4,5,3.2,4.6,5.9,3,-,5,3.97,좋음
20210831,SK11,부산-대마,오션플라워,초쾌속선,20210831,PM,1.2,4,445,2,0.4,0.4,0.5,5,4.3,5.5,6.6,3,-,5,3.97,좋음
20210831,SK11,부산-대마,니나,초쾌속선,20210831,AM,1.5,3,364,2,0.3,0.3,0.4,5,3.2,4.6,5.9,3,-,5,3.77,좋음
20210831,SK11,부산-대마,니나,초쾌속선,20210831,PM,1.5,3,364,2,0.4,0.4,0.5,5,4.3,5.5,6.6,3,-,5,3.77,좋음
20210831,SK11,부산-대마,비틀(대마),초쾌속선,20210831,AM,1.5,3,164,2,0.3,0.3,0.4,5,3.2,4.6,5.9,3,-,5,3.77,좋음
20210831,SK11,부산-대마,비틀(대마),초쾌속선,20210831,PM,1.5,3,164,2,0.4,0.4,0.5,5,4.3,5.5,6.6,3,-,5,3.77,좋음
20210831,SK12,부산-후쿠오카,뉴카멜리아,카페리,20210831,AM,9,1,19961,5,0.1,0.1,0.3,5,1.2,3.7,5.9,3,-,5,3.75,좋음
20210831,SK12,부산-후쿠오카,뉴카멜리아,카페리,20210831,PM,9,1,19961,5,0.2,0.2,0.4,5,2.8,5,6.6,3,-,5,3.75,좋음
20210831,SK12,부산-후쿠오카,코비(후쿠오카),초쾌속선,20210831,AM,3.5,1,162,2,0.1,0.1,0.3,5,1.2,3.7,5.9,3,-,5,3.38,보통
20210831,SK12,부산-후쿠오카,코비(후쿠오카),초쾌속선,20210831,PM,3.5,1,162,2,0.2,0.2,0.4,5,2.8,5,6.6,3,-,5,3.38,보통
20210831,SK12,부산-후쿠오카,비틀(후쿠오카),초쾌속선,20210831,AM,3.5,1,164,2,0.1,0.1,0.3,5,1.2,3.7,5.9,3,-,5,3.38,보통
20210831,SK12,부산-후쿠오카,비틀(후쿠오카),초쾌속선,20210831,PM,3.5,1,164,2,0.2,0.2,0.4,5,2.8,5,6.6,3,-,5,3.38,보통
20210831,SK13,부산-오사카,팬스타,카페리,20210831,AM,19,1,21688,5,0.1,0.3,0.3,5,1.1,3.7,5.9,3,-,5,3.75,좋음
20210831,SK13,부산-오사카,팬스타,카페리,20210831,PM,19,1,21688,5,0.2,0.2,0.4,5,4.4,5.7,7,3,-,5,3.75,좋음
20210831,SK7,포항-울릉,엘도라도,초쾌속선,20210831,AM,3.2,1,668,3,0.1,0.2,0.3,5,0.7,2.5,4.9,4,-,5,3.73,좋음
20210831,SK7,포항-울릉,엘도라도,초쾌속선,20210831,PM,3.2,1,668,3,0.1,0.1,0.2,5,0.3,3.6,6.8,3,-,5,3.5,좋음
20210831,SK7,포항-울릉,썬라이즈,초쾌속선,20210831,AM,3.2,1,388,2,0.1,0.2,0.3,5,0.7,2.5,4.9,4,-,5,3.6,좋음
20210831,SK7,포항-울릉,썬라이즈,초쾌속선,20210831,PM,3.2,1,388,2,0.1,0.1,0.2,5,0.3,3.6,6.8,3,-,5,3.38,보통
20210831,SK23,후포-울릉,씨플라워,초쾌속선,20210831,AM,2.5,2,388,2,0.1,0.2,0.3,5,0.9,2.4,4.2,4,-,5,3.8,좋음
20210831,SK23,후포-울릉,씨플라워,초쾌속선,20210831,PM,2.5,2,388,2,0.1,0.2,0.3,5,0.1,3,6.7,3,-,5,3.57,좋음
20210831,SK8,강릉-울릉,씨스타11,초쾌속선,20210831,AM,3,1,420,2,0.1,0.2,0.3,5,0.9,2.2,3.4,4,-,5,3.6,좋음
20210831,SK8,강릉-울릉,씨스타11,초쾌속선,20210831,PM,3,1,420,2,0.1,0.2,0.2,5,0.4,2.2,3.8,4,-,5,3.6,좋음
20210831,SK8,강릉-울릉,씨스타5,초쾌속선,20210831,AM,3,1,388,2,0.1,0.2,0.3,5,0.9,2.2,3.4,4,-,5,3.6,좋음
20210831,SK8,강릉-울릉,씨스타5,초쾌속선,20210831,PM,3,1,388,2,0.1,0.2,0.2,5,0.4,2.2,3.8,4,-,5,3.6,좋음
20210831,SK9,묵호-울릉,씨스타1,초쾌속선,20210831,AM,2.7,2,388,2,0.1,0.2,0.3,5,0.4,1.9,3.1,4,-,5,3.8,좋음
20210831,SK9,묵호-울릉,씨스타1,초쾌속선,20210831,PM,2.7,2,388,2,0.1,0.2,0.2,5,0.3,2,3.7,4,-,5,3.8,좋음
20210831,SK9,묵호-울릉,씨스타3,쾌속카페리,20210831,AM,2.7,2,550,3,0.1,0.2,0.3,5,0.4,1.9,3.1,4,-,5,3.92,좋음
20210831,SK9,묵호-울릉,씨스타3,쾌속카페리,20210831,PM,2.7,2,550,3,0.1,0.2,0.2,5,0.3,2,3.7,4,-,5,3.92,좋음
20210831,SK1,인천-백령,하모니플라워,쾌속카페리,20210901,AM,3.7,1,2071,4,0.4,1,1.3,3,5.1,7.4,9.1,2,WW,1,1,매우나쁨
20210831,SK1,인천-백령,하모니플라워,쾌속카페리,20210901,PM,3.7,1,2071,4,0.4,0.9,1.3,3,3.9,6.7,9.2,2,-,5,1.5,나쁨
20210831,SK1,인천-백령,코리아킹,초쾌속선,20210901,AM,3.7,1,534,3,0.4,1,1.3,3,5.1,7.4,9.1,2,WW,1,1,매우나쁨
20210831,SK1,인천-백령,코리아킹,초쾌속선,20210901,PM,3.7,1,534,3,0.4,0.9,1.3,3,3.9,6.7,9.2,2,-,5,1.5,나쁨
20210831,SK2,인천-연평,플라잉카페리,쾌속카페리,20210901,AM,2,3,573,3,0.5,0.9,1,3,5.5,8,9.9,2,WW,1,1,매우나쁨
20210831,SK2,인천-연평,플라잉카페리,쾌속카페리,20210901,PM,2,3,573,3,0.5,0.8,1,3,5,7.1,9.2,2,-,5,1.5,나쁨
20210831,SK19,인천-단동,동방명주6,카페리,20210901,AM,16,1,16537,5,0.6,1.1,1.4,3,6.3,8.5,9.9,2,WW,1,1,매우나쁨
20210831,SK19,인천-단동,동방명주6,카페리,20210901,PM,16,1,16537,5,0.6,0.9,1.3,3,4.1,7.5,9.7,2,-,5,1.5,나쁨
20210831,SK20,인천-석도,화동명주8,카페리,20210901,AM,14,1,35092,5,0.9,1.5,1.7,3,4.7,7.4,9.3,2,WW,1,1,매우나쁨
20210831,SK20,인천-석도,화동명주8,카페리,20210901,PM,14,1,35092,5,0.9,1.3,1.6,3,3.7,6.3,9.2,2,-,5,1.5,나쁨
20210831,SK21,대천-외연,웨스트프론티어,일반선,20210901,AM,2.2,3,140,2,0.6,1,1.1,3,5.9,8.5,11.1,2,WW,1,1,매우나쁨
20210831,SK21,대천-외연,웨스트프론티어,일반선,20210901,PM,2.2,3,140,2,0.5,0.7,0.9,4,3.5,5.3,6.9,3,-,5,3.33,보통
20210831,SK3,군산-어청,뉴어청훼리,고속선,20210901,AM,2.7,2,121,2,0.5,1.4,1.5,3,6.2,10.5,14.6,1,WW,1,1,매우나쁨
20210831,SK3,군산-어청,뉴어청훼리,고속선,20210901,PM,2.7,2,121,2,0.3,0.9,1.3,3,4.6,5.8,8.7,3,-,5,2.68,보통
20210831,SK14,격포-위도,파장금카페리,고속선,20210901,AM,0.8,4,322,2,0.6,1.1,1.2,3,4.2,7.2,9,2,WW,1,1,매우나쁨
20210831,SK14,격포-위도,파장금카페리,고속선,20210901,PM,0.8,4,322,2,0.4,0.6,0.8,4,4,4.8,6.4,3,WW,1,1,매우나쁨
20210831,SK18,목포-홍도,뉴골드스타,초쾌속선,20210901,AM,2.5,2,308,2,0.2,0.8,1.4,3,8.3,9.7,10.5,2,WW,1,1,매우나쁨
20210831,SK18,목포-홍도,뉴골드스타,초쾌속선,20210901,PM,2.5,2,308,2,0.1,0.6,1.2,3,6.7,8.6,10.2,2,WW,1,1,매우나쁨
20210831,SK18,목포-홍도,남해엔젤,초쾌속선,20210901,AM,2.5,2,319,2,0.2,0.8,1.4,3,8.3,9.7,10.5,2,WW,1,1,매우나쁨
20210831,SK18,목포-홍도,남해엔젤,초쾌속선,20210901,PM,2.5,2,319,2,0.1,0.6,1.2,3,6.7,8.6,10.2,2,WW,1,1,매우나쁨
20210831,SK4,목포-제주,퀸제누비아,카페리,20210901,AM,4.5,1,27391,5,0.2,0.8,1.4,3,8.3,9.7,11.4,2,-,5,1.5,나쁨
20210831,SK4,목포-제주,퀸제누비아,카페리,20210901,PM,4.5,1,27391,5,0.1,0.7,1.4,3,7.3,9.6,11.6,2,-,5,1.5,나쁨
20210831,SK4,목포-제주,퀸메리,카페리,20210901,AM,4.5,1,13665,5,0.2,0.8,1.4,3,8.3,9.7,11.4,2,-,5,1.5,나쁨
20210831,SK4,목포-제주,퀸메리,카페리,20210901,PM,4.5,1,13665,5,0.1,0.7,1.4,3,7.3,9.6,11.6,2,-,5,1.5,나쁨
20210831,SK5,완도-제주,송림블루오션,카페리,20210901,AM,5,1,2374,4,0.2,0.7,1.3,3,7.5,9.4,11.4,2,-,5,1.5,나쁨
20210831,SK5,완도-제주,송림블루오션,카페리,20210901,PM,5,1,2374,4,0.1,0.8,1.3,3,6.7,10.1,11.6,2,-,5,1.5,나쁨
20210831,SK5,완도-제주,한일블루나래,쾌속카페리,20210901,AM,1.7,3,1605,4,0.2,0.7,1.3,3,7.5,9.4,11.4,2,-,5,1.5,나쁨
20210831,SK5,완도-제주,한일블루나래,쾌속카페리,20210901,PM,1.7,3,1605,4,0.1,0.8,1.3,3,6.7,10.1,11.6,2,-,5,1.5,나쁨
20210831,SK5,완도-제주,실버클라우드,카페리,20210901,AM,2.7,2,20263,5,0.2,0.7,1.3,3,7.5,9.4,11.4,2,-,5,1.5,나쁨
20210831,SK5,완도-제주,실버클라우드,카페리,20210901,PM,2.7,2,20263,5,0.1,0.8,1.3,3,6.7,10.1,11.6,2,-,5,1.5,나쁨
20210831,SK16,완도-청산,퀸청산,고속선,20210901,AM,0.8,4,997,3,0.2,0.6,1.3,3,7.5,9.1,10.7,2,-,5,1.5,나쁨
20210831,SK16,완도-청산,퀸청산,고속선,20210901,PM,0.8,4,997,3,0.1,0.7,1.3,3,6.7,9.6,11,2,-,5,1.5,나쁨
20210831,SK16,완도-청산,청산아일랜드,고속선,20210901,AM,0.8,4,498,2,0.2,0.6,1.3,3,7.5,9.1,10.7,2,-,5,1.5,나쁨
20210831,SK16,완도-청산,청산아일랜드,고속선,20210901,PM,0.8,4,498,2,0.1,0.7,1.3,3,6.7,9.6,11,2,-,5,1.5,나쁨
20210831,SK6,녹동-제주,아리온제주,카페리,20210901,AM,3.8,1,6266,5,0.2,0.6,1.3,3,4.8,8.4,11.4,2,-,5,1.5,나쁨
20210831,SK6,녹동-제주,아리온제주,카페리,20210901,PM,3.8,1,6266,5,0.1,0.8,1.3,3,7.5,9.9,11.6,2,-,5,1.5,나쁨
20210831,SK22,여수-제주,한일골드스텔라,카페리,20210901,AM,5,1,15195,5,0.4,0.7,1.3,3,4,7.5,11.4,2,-,5,1.5,나쁨
20210831,SK22,여수-제주,한일골드스텔라,카페리,20210901,PM,5,1,15195,5,0.3,0.9,1.3,3,6.5,9,11.6,2,-,5,1.5,나쁨
20210831,SK17,통영-소매물,한솔1,고속선,20210901,AM,1.7,3,128,2,0.4,0.7,1.3,3,7.1,8.5,9.7,2,-,5,1.5,나쁨
20210831,SK17,통영-소매물,한솔1,고속선,20210901,PM,1.7,3,128,2,0.4,1,1.4,3,9.2,10,10.5,2,-,5,1.5,나쁨
20210831,SK17,통영-소매물,한솔2,고속선,20210901,AM,1.7,3,109,2,0.4,0.7,1.3,3,7.1,8.5,9.7,2,-,5,1.5,나쁨
20210831,SK17,통영-소매물,한솔2,고속선,20210901,PM,1.7,3,109,2,0.4,1,1.4,3,9.2,10,10.5,2,-,5,1.5,나쁨
20210831,SK10,부산-제주,뉴스타,일반카페리,20210901,AM,12,1,9997,5,0.7,0.8,1.4,3,7.6,9,11.4,2,-,5,1.5,나쁨
20210831,SK10,부산-제주,뉴스타,일반카페리,20210901,PM,12,1,9997,5,0.7,1.2,1.5,3,8.6,10.4,12.2,2,-,5,1.5,나쁨
20210831,SK11,부산-대마,오션플라워,초쾌속선,20210901,AM,1.2,4,445,2,0.6,0.7,1.3,3,6.6,8.7,10.8,2,-,5,1.5,나쁨
20210831,SK11,부산-대마,오션플라워,초쾌속선,20210901,PM,1.2,4,445,2,0.8,1.3,1.6,3,8.8,11.1,12.8,2,-,5,1.5,나쁨
20210831,SK11,부산-대마,니나,초쾌속선,20210901,AM,1.5,3,364,2,0.6,0.7,1.3,3,6.6,8.7,10.8,2,-,5,1.5,나쁨
20210831,SK11,부산-대마,니나,초쾌속선,20210901,PM,1.5,3,364,2,0.8,1.3,1.6,3,8.8,11.1,12.8,2,-,5,1.5,나쁨
20210831,SK11,부산-대마,비틀(대마),초쾌속선,20210901,AM,1.5,3,164,2,0.6,0.7,1.3,3,6.6,8.7,10.8,2,-,5,1.5,나쁨
20210831,SK11,부산-대마,비틀(대마),초쾌속선,20210901,PM,1.5,3,164,2,0.8,1.3,1.6,3,8.8,11.1,12.8,2,-,5,1.5,나쁨
20210831,SK12,부산-후쿠오카,뉴카멜리아,카페리,20210901,AM,9,1,19961,5,0.2,0.7,1.3,3,4.5,7.7,10.8,2,-,5,1.5,나쁨
20210831,SK12,부산-후쿠오카,뉴카멜리아,카페리,20210901,PM,9,1,19961,5,0.8,1.2,1.6,3,7.9,10.6,12.2,2,-,5,1.5,나쁨
20210831,SK12,부산-후쿠오카,코비(후쿠오카),초쾌속선,20210901,AM,3.5,1,162,2,0.2,0.7,1.3,3,4.5,7.7,10.8,2,-,5,1.5,나쁨
20210831,SK12,부산-후쿠오카,코비(후쿠오카),초쾌속선,20210901,PM,3.5,1,162,2,0.8,1.2,1.6,3,7.9,10.6,12.2,2,-,5,1.5,나쁨
20210831,SK12,부산-후쿠오카,비틀(후쿠오카),초쾌속선,20210901,AM,3.5,1,164,2,0.2,0.7,1.3,3,4.5,7.7,10.8,2,-,5,1.5,나쁨
20210831,SK12,부산-후쿠오카,비틀(후쿠오카),초쾌속선,20210901,PM,3.5,1,164,2,0.8,1.2,1.6,3,7.9,10.6,12.2,2,-,5,1.5,나쁨
20210831,SK13,부산-오사카,팬스타,카페리,20210901,AM,19,1,21688,5,0.4,0.7,1.4,3,5.4,7.7,10.8,2,-,5,1.5,나쁨
20210831,SK13,부산-오사카,팬스타,카페리,20210901,PM,19,1,21688,5,0.8,1.3,1.7,3,6.4,10.2,12.9,2,-,5,1.5,나쁨
20210831,SK7,포항-울릉,엘도라도,초쾌속선,20210901,AM,3.2,1,668,3,0.2,1,2.2,2,1.8,6.3,12.4,2,-,5,1.5,나쁨
20210831,SK7,포항-울릉,엘도라도,초쾌속선,20210901,PM,3.2,1,668,3,0.2,1.6,2.8,2,2.2,9.4,16.2,1,WW,1,1,매우나쁨
20210831,SK7,포항-울릉,썬라이즈,초쾌속선,20210901,AM,3.2,1,388,2,0.2,1,2.2,2,1.8,6.3,12.4,2,-,5,1.5,나쁨
20210831,SK7,포항-울릉,썬라이즈,초쾌속선,20210901,PM,3.2,1,388,2,0.2,1.6,2.8,2,2.2,9.4,16.2,1,WW,1,1,매우나쁨
20210831,SK23,후포-울릉,씨플라워,초쾌속선,20210901,AM,2.5,2,388,2,0.8,1.1,2,2,1.3,7.7,12.6,2,-,5,1.5,나쁨
20210831,SK23,후포-울릉,씨플라워,초쾌속선,20210901,PM,2.5,2,388,2,0.6,1.8,2.9,2,5.6,11.6,17,1,WW,1,1,매우나쁨
20210831,SK8,강릉-울릉,씨스타11,초쾌속선,20210901,AM,3,1,420,2,0.8,1.2,2.3,2,7.1,10.7,12.8,2,-,5,1.5,나쁨
20210831,SK8,강릉-울릉,씨스타11,초쾌속선,20210901,PM,3,1,420,2,0.6,1.7,2.3,2,7.6,13.2,17,1,WW,1,1,매우나쁨
20210831,SK8,강릉-울릉,씨스타5,초쾌속선,20210901,AM,3,1,388,2,0.8,1.2,2.3,2,7.1,10.7,12.8,2,-,5,1.5,나쁨
20210831,SK8,강릉-울릉,씨스타5,초쾌속선,20210901,PM,3,1,388,2,0.6,1.7,2.3,2,7.6,13.2,17,1,WW,1,1,매우나쁨
20210831,SK9,묵호-울릉,씨스타1,초쾌속선,20210901,AM,2.7,2,388,2,1.1,1.5,2.7,2,8.9,12.1,14.3,1,-,5,1,매우나쁨
20210831,SK9,묵호-울릉,씨스타1,초쾌속선,20210901,PM,2.7,2,388,2,1.5,2.3,2.7,2,7.6,13.5,16.3,1,WW,1,1,매우나쁨
20210831,SK9,묵호-울릉,씨스타3,쾌속카페리,20210901,AM,2.7,2,550,3,1.1,1.5,2.7,2,8.9,12.1,14.3,1,-,5,1,매우나쁨
20210831,SK9,묵호-울릉,씨스타3,쾌속카페리,20210901,PM,2.7,2,550,3,1.5,2.3,2.7,2,7.6,13.5,16.3,1,WW,1,1,매우나쁨
20210831,SK1,인천-백령,하모니플라워,쾌속카페리,20210902,AM,3.7,1,2071,4,0.1,0.6,0.8,4,4.4,7.6,10.2,2,-,5,1.5,나쁨
20210831,SK1,인천-백령,하모니플라워,쾌속카페리,20210902,PM,3.7,1,2071,4,0.1,0.4,0.7,4,0.6,4,7.6,3,-,5,3.18,보통
20210831,SK1,인천-백령,코리아킹,초쾌속선,20210902,AM,3.7,1,534,3,0.1,0.6,0.8,4,4.4,7.6,10.2,2,-,5,1.5,나쁨
20210831,SK1,인천-백령,코리아킹,초쾌속선,20210902,PM,3.7,1,534,3,0.1,0.4,0.7,4,0.6,4,7.6,3,-,5,3.05,보통
20210831,SK2,인천-연평,플라잉카페리,쾌속카페리,20210902,AM,2,3,573,3,0.1,0.5,0.7,4,5.8,7.6,10,2,-,5,1.5,나쁨
20210831,SK2,인천-연평,플라잉카페리,쾌속카페리,20210902,PM,2,3,573,3,0.1,0.3,0.6,4,0.4,2.8,6.9,3,-,5,3.45,보통
20210831,SK19,인천-단동,동방명주6,카페리,20210902,AM,16,1,16537,5,0.5,0.7,0.8,4,4,6.1,8.8,3,-,5,3.3,보통
20210831,SK19,인천-단동,동방명주6,카페리,20210902,PM,16,1,16537,5,0.3,0.5,0.6,4,0.9,3.8,6.3,3,-,5,3.3,보통
20210831,SK20,인천-석도,화동명주8,카페리,20210902,AM,14,1,35092,5,0.5,0.9,1,3,6.3,9.1,10.7,2,-,5,1.5,나쁨
20210831,SK20,인천-석도,화동명주8,카페리,20210902,PM,14,1,35092,5,0.4,0.6,0.9,4,1.2,7.6,10.6,2,-,5,1.5,나쁨
20210831,SK21,대천-외연,웨스트프론티어,일반선,20210902,AM,2.2,3,140,2,0.2,0.4,0.6,4,1.8,3.3,5,3,-,5,3.33,보통
20210831,SK21,대천-외연,웨스트프론티어,일반선,20210902,PM,2.2,3,140,2,0.2,0.4,0.6,4,1.2,7,9.4,2,-,5,1.5,나쁨
20210831,SK3,군산-어청,뉴어청훼리,고속선,20210902,AM,2.7,2,121,2,0.1,0.4,0.7,4,0.2,1.7,3.3,4,-,5,3.35,보통
20210831,SK3,군산-어청,뉴어청훼리,고속선,20210902,PM,2.7,2,121,2,0.1,0.4,0.7,4,0.7,6.4,10.8,2,-,5,1.5,나쁨
20210831,SK14,격포-위도,파장금카페리,고속선,20210902,AM,0.8,4,322,2,0.3,0.3,0.4,5,1.2,2.1,2.8,4,-,5,4.2,좋음
20210831,SK14,격포-위도,파장금카페리,고속선,20210902,PM,0.8,4,322,2,0.3,0.4,0.5,4,2.4,3.3,4.9,4,-,5,3.75,좋음
20210831,SK18,목포-홍도,뉴골드스타,초쾌속선,20210902,AM,2.5,2,308,2,0.1,0.5,0.8,4,3,4.2,5.2,3,-,5,3.12,보통
20210831,SK18,목포-홍도,뉴골드스타,초쾌속선,20210902,PM,2.5,2,308,2,0.1,0.4,0.8,4,2.5,3.8,4.8,4,-,5,3.35,보통
20210831,SK18,목포-홍도,남해엔젤,초쾌속선,20210902,AM,2.5,2,319,2,0.1,0.5,0.8,4,3,4.2,5.2,3,-,5,3.12,보통
20210831,SK18,목포-홍도,남해엔젤,초쾌속선,20210902,PM,2.5,2,319,2,0.1,0.4,0.8,4,2.5,3.8,4.8,4,-,5,3.35,보통
20210831,SK4,목포-제주,퀸제누비아,카페리,20210902,AM,4.5,1,27391,5,0.1,0.3,0.6,4,0.5,4.6,6.7,3,-,5,3.3,보통
20210831,SK4,목포-제주,퀸제누비아,카페리,20210902,PM,4.5,1,27391,5,0.1,0.3,0.5,4,3.3,4.5,7.3,3,-,5,3.3,보통
20210831,SK4,목포-제주,퀸메리,카페리,20210902,AM,4.5,1,13665,5,0.1,0.3,0.6,4,0.5,4.6,6.7,3,-,5,3.3,보통
20210831,SK4,목포-제주,퀸메리,카페리,20210902,PM,4.5,1,13665,5,0.1,0.3,0.5,4,3.3,4.5,7.3,3,-,5,3.3,보통
20210831,SK5,완도-제주,송림블루오션,카페리,20210902,AM,5,1,2374,4,0.1,0.4,0.5,4,0.5,3.9,6,3,-,5,3.18,보통
20210831,SK5,완도-제주,송림블루오션,카페리,20210902,PM,5,1,2374,4,0.1,0.3,0.6,4,2,4.7,7,3,-,5,3.18,보통
20210831,SK5,완도-제주,한일블루나래,쾌속카페리,20210902,AM,1.7,3,1605,4,0.1,0.4,0.5,4,0.5,3.9,6,3,-,5,3.58,좋음
20210831,SK5,완도-제주,한일블루나래,쾌속카페리,20210902,PM,1.7,3,1605,4,0.1,0.3,0.6,4,2,4.7,7,3,-,5,3.58,좋음
20210831,SK5,완도-제주,실버클라우드,카페리,20210902,AM,2.7,2,20263,5,0.1,0.4,0.5,4,0.5,3.9,6,3,-,5,3.5,좋음
20210831,SK5,완도-제주,실버클라우드,카페리,20210902,PM,2.7,2,20263,5,0.1,0.3,0.6,4,2,4.7,7,3,-,5,3.5,좋음
20210831,SK16,완도-청산,퀸청산,고속선,20210902,AM,0.8,4,997,3,0.1,0.3,0.5,4,2.4,3.9,5.9,3,-,5,3.65,좋음
20210831,SK16,완도-청산,퀸청산,고속선,20210902,PM,0.8,4,997,3,0.1,0.3,0.6,4,2,4.4,6.6,3,-,5,3.65,좋음
20210831,SK16,완도-청산,청산아일랜드,고속선,20210902,AM,0.8,4,498,2,0.1,0.3,0.5,4,2.4,3.9,5.9,3,-,5,3.53,좋음
20210831,SK16,완도-청산,청산아일랜드,고속선,20210902,PM,0.8,4,498,2,0.1,0.3,0.6,4,2,4.4,6.6,3,-,5,3.53,좋음
20210831,SK6,녹동-제주,아리온제주,카페리,20210902,AM,3.8,1,6266,5,0.1,0.4,0.5,4,0.5,3.7,6,3,-,5,3.3,보통
20210831,SK6,녹동-제주,아리온제주,카페리,20210902,PM,3.8,1,6266,5,0.1,0.4,0.7,4,2.4,4.4,7,3,-,5,3.3,보통
20210831,SK22,여수-제주,한일골드스텔라,카페리,20210902,AM,5,1,15195,5,0.3,0.6,1.2,3,0.5,4.3,7.3,3,-,5,2.85,보통
20210831,SK22,여수-제주,한일골드스텔라,카페리,20210902,PM,5,1,15195,5,0.3,0.8,1.2,3,0.4,3.7,7.4,3,-,5,2.85,보통
20210831,SK17,통영-소매물,한솔1,고속선,20210902,AM,1.7,3,128,2,0.2,0.7,1.1,3,2.5,5.6,8,3,-,5,2.88,보통
20210831,SK17,통영-소매물,한솔1,고속선,20210902,PM,1.7,3,128,2,0.2,0.6,1.1,3,0.8,5.7,10.6,2,-,5,1.5,나쁨
20210831,SK17,통영-소매물,한솔2,고속선,20210902,AM,1.7,3,109,2,0.2,0.7,1.1,3,2.5,5.6,8,3,-,5,2.88,보통
20210831,SK17,통영-소매물,한솔2,고속선,20210902,PM,1.7,3,109,2,0.2,0.6,1.1,3,0.8,5.7,10.6,2,-,5,1.5,나쁨
20210831,SK10,부산-제주,뉴스타,일반카페리,20210902,AM,12,1,9997,5,0.3,1.1,1.7,3,0.5,5,8,3,-,5,2.85,보통
20210831,SK10,부산-제주,뉴스타,일반카페리,20210902,PM,12,1,9997,5,0.3,1.2,1.7,3,2.9,6.9,12.5,2,-,5,1.5,나쁨
20210831,SK11,부산-대마,오션플라워,초쾌속선,20210902,AM,1.2,4,445,2,1.4,1.7,1.8,3,2.3,5.6,8,3,-,5,3.08,보통
20210831,SK11,부산-대마,오션플라워,초쾌속선,20210902,PM,1.2,4,445,2,1.3,1.5,1.7,3,0.9,7.7,12.5,2,-,5,1.5,나쁨
20210831,SK11,부산-대마,니나,초쾌속선,20210902,AM,1.5,3,364,2,1.4,1.7,1.8,3,2.3,5.6,8,3,-,5,2.88,보통
20210831,SK11,부산-대마,니나,초쾌속선,20210902,PM,1.5,3,364,2,1.3,1.5,1.7,3,0.9,7.7,12.5,2,-,5,1.5,나쁨
20210831,SK11,부산-대마,비틀(대마),초쾌속선,20210902,AM,1.5,3,164,2,1.4,1.7,1.8,3,2.3,5.6,8,3,-,5,2.88,보통
20210831,SK11,부산-대마,비틀(대마),초쾌속선,20210902,PM,1.5,3,164,2,1.3,1.5,1.7,3,0.9,7.7,12.5,2,-,5,1.5,나쁨
20210831,SK12,부산-후쿠오카,뉴카멜리아,카페리,20210902,AM,9,1,19961,5,1,1.6,1.8,3,2.4,6,10.7,2,-,5,1.5,나쁨
20210831,SK12,부산-후쿠오카,뉴카멜리아,카페리,20210902,PM,9,1,19961,5,0.9,1.4,1.7,3,0.6,6.3,12.5,2,-,5,1.5,나쁨
20210831,SK12,부산-후쿠오카,코비(후쿠오카),초쾌속선,20210902,AM,3.5,1,162,2,1,1.6,1.8,3,2.4,6,10.7,2,-,5,1.5,나쁨
20210831,SK12,부산-후쿠오카,코비(후쿠오카),초쾌속선,20210902,PM,3.5,1,162,2,0.9,1.4,1.7,3,0.6,6.3,12.5,2,-,5,1.5,나쁨
20210831,SK12,부산-후쿠오카,비틀(후쿠오카),초쾌속선,20210902,AM,3.5,1,164,2,1,1.6,1.8,3,2.4,6,10.7,2,-,5,1.5,나쁨
20210831,SK12,부산-후쿠오카,비틀(후쿠오카),초쾌속선,20210902,PM,3.5,1,164,2,0.9,1.4,1.7,3,0.6,6.3,12.5,2,-,5,1.5,나쁨
20210831,SK13,부산-오사카,팬스타,카페리,20210902,AM,19,1,21688,5,1.2,1.6,1.8,3,1.8,5.6,12.3,2,-,5,1.5,나쁨
20210831,SK13,부산-오사카,팬스타,카페리,20210902,PM,19,1,21688,5,0.8,1.4,1.7,3,0.4,6.5,12.5,2,-,5,1.5,나쁨
20210831,SK7,포항-울릉,엘도라도,초쾌속선,20210902,AM,3.2,1,668,3,0.6,1.5,1.6,3,6.3,7.9,10.1,2,-,5,1.5,나쁨
20210831,SK7,포항-울릉,엘도라도,초쾌속선,20210902,PM,3.2,1,668,3,0.5,1.1,1.5,3,6,7.5,9,2,-,5,1.5,나쁨
20210831,SK7,포항-울릉,썬라이즈,초쾌속선,20210902,AM,3.2,1,388,2,0.6,1.5,1.6,3,6.3,7.9,10.1,2,-,5,1.5,나쁨
20210831,SK7,포항-울릉,썬라이즈,초쾌속선,20210902,PM,3.2,1,388,2,0.5,1.1,1.5,3,6,7.5,9,2,-,5,1.5,나쁨
20210831,SK23,후포-울릉,씨플라워,초쾌속선,20210902,AM,2.5,2,388,2,0.4,1.4,1.5,3,6.8,7.7,9.2,2,-,5,1.5,나쁨
20210831,SK23,후포-울릉,씨플라워,초쾌속선,20210902,PM,2.5,2,388,2,0.3,1,1.4,3,6,7.9,9.7,2,-,5,1.5,나쁨
20210831,SK8,강릉-울릉,씨스타11,초쾌속선,20210902,AM,3,1,420,2,0.4,1,1.4,3,5.3,7.2,8.9,3,-,5,2.48,나쁨
20210831,SK8,강릉-울릉,씨스타11,초쾌속선,20210902,PM,3,1,420,2,0.3,0.8,1.2,3,4.8,6.7,8.3,3,-,5,2.48,나쁨
20210831,SK8,강릉-울릉,씨스타5,초쾌속선,20210902,AM,3,1,388,2,0.4,1,1.4,3,5.3,7.2,8.9,3,-,5,2.48,나쁨
20210831,SK8,강릉-울릉,씨스타5,초쾌속선,20210902,PM,3,1,388,2,0.3,0.8,1.2,3,4.8,6.7,8.3,3,-,5,2.48,나쁨
20210831,SK9,묵호-울릉,씨스타1,초쾌속선,20210902,AM,2.7,2,388,2,1,1.3,1.3,3,5.7,7.5,8.7,3,-,5,2.68,보통
20210831,SK9,묵호-울릉,씨스타1,초쾌속선,20210902,PM,2.7,2,388,2,0.8,1,1.2,3,5.4,7.2,8.9,3,-,5,2.68,보통
20210831,SK9,묵호-울릉,씨스타3,쾌속카페리,20210902,AM,2.7,2,550,3,1,1.3,1.3,3,5.7,7.5,8.7,3,-,5,2.8,보통
20210831,SK9,묵호-울릉,씨스타3,쾌속카페리,20210902,PM,2.7,2,550,3,0.8,1,1.2,3,5.4,7.2,8.9,3,-,5,2.8,보통
