생산일,코드,항로명,선박명,선박종류,예측일자,시간,운항시간,운항시간점수,선박톤수,선박톤수점수,최소파고,평균파고,최대파고,파고점수,최소풍속,평균풍속,최대풍속,풍속점수,총점수,예보지수
20210713,SK1,인천-백령,하모니플라워,쾌속카페리,20210713,AM,3.7,1,2071,4,1.3,1.3,1.4,3,6.7,9.1,10.6,2,1.50,나쁨
20210713,SK1,인천-백령,하모니플라워,쾌속카페리,20210713,PM,3.7,1,2071,4,1.4,1.4,1.5,3,7.7,8.5,9.4,2,1.50,나쁨
20210713,SK1,인천-백령,코리아킹,초쾌속선,20210713,AM,3.7,1,534,3,1.3,1.3,1.4,3,6.7,9.1,10.6,2,1.50,나쁨
20210713,SK1,인천-백령,코리아킹,초쾌속선,20210713,PM,3.7,1,534,3,1.4,1.4,1.5,3,7.7,8.5,9.4,2,1.50,나쁨
20210713,SK2,인천-연평,플라잉카페리,쾌속카페리,20210713,AM,2.0,3,573,3,0.9,0.9,1.0,3,5.4,6.0,6.9,3,3.00,보통
20210713,SK2,인천-연평,플라잉카페리,쾌속카페리,20210713,PM,2.0,3,573,3,1.0,1.0,1.0,3,6.5,7.2,8.9,3,3.00,보통
20210713,SK19,인천-단동,동방명주6,카페리,20210713,AM,16.0,1,16537,5,1.9,1.9,2.0,2,7.7,9.3,10.4,2,1.50,나쁨
20210713,SK19,인천-단동,동방명주6,카페리,20210713,PM,16.0,1,16537,5,2.0,2.0,2.1,2,8.9,9.6,10.7,2,1.50,나쁨
20210713,SK20,인천-석도,화동명주8,카페리,20210713,AM,14.0,1,35092,5,1.5,1.5,1.5,3,7.2,8.1,9.5,2,1.50,나쁨
20210713,SK20,인천-석도,화동명주8,카페리,20210713,PM,14.0,1,35092,5,1.5,1.5,1.7,3,8.0,8.9,9.8,2,1.50,나쁨
20210713,SK21,대천-외연,웨스트프론티어,일반선,20210713,AM,2.2,3,140,2,0.9,0.9,0.9,4,5.4,5.9,6.5,3,3.33,보통
20210713,SK21,대천-외연,웨스트프론티어,일반선,20210713,PM,2.2,3,140,2,0.9,1.1,1.2,3,4.5,5.7,7.3,3,2.88,보통
20210713,SK3,군산-어청,뉴어청훼리,고속선,20210713,AM,2.7,2,121,2,1.0,1.0,1.1,3,6.5,7.0,7.5,3,2.68,보통
20210713,SK3,군산-어청,뉴어청훼리,고속선,20210713,PM,2.7,2,121,2,1.1,1.2,1.3,3,6.5,6.9,8.0,3,2.68,보통
20210713,SK14,격포-위도,파장금카페리,고속선,20210713,AM,0.8,4,322,2,0.3,0.4,0.5,4,5.3,6.1,7.4,3,3.53,좋음
20210713,SK14,격포-위도,파장금카페리,고속선,20210713,PM,0.8,4,322,2,0.5,0.5,0.6,4,7.3,7.8,8.8,3,3.53,좋음
20210713,SK18,목포-홍도,뉴골드스타,초쾌속선,20210713,AM,2.5,2,308,2,1.3,1.4,1.4,3,8.5,8.8,9.0,3,2.68,보통
20210713,SK18,목포-홍도,뉴골드스타,초쾌속선,20210713,PM,2.5,2,308,2,1.4,1.4,1.4,3,9.7,10.1,11.0,2,1.50,나쁨
20210713,SK18,목포-홍도,남해엔젤,초쾌속선,20210713,AM,2.5,2,319,2,1.3,1.4,1.4,3,8.5,8.8,9.0,3,2.68,보통
20210713,SK18,목포-홍도,남해엔젤,초쾌속선,20210713,PM,2.5,2,319,2,1.4,1.4,1.4,3,9.7,10.1,11.0,2,1.50,나쁨
20210713,SK4,목포-제주,퀸제누비아,카페리,20210713,AM,4.5,1,27391,5,1.2,1.3,1.3,3,7.3,7.9,8.6,3,2.85,보통
20210713,SK4,목포-제주,퀸제누비아,카페리,20210713,PM,4.5,1,27391,5,1.2,1.2,1.2,3,9.0,9.5,10.0,2,1.50,나쁨
20210713,SK4,목포-제주,퀸메리,카페리,20210713,AM,4.5,1,13665,5,1.2,1.3,1.3,3,7.3,7.9,8.6,3,2.85,보통
20210713,SK4,목포-제주,퀸메리,카페리,20210713,PM,4.5,1,13665,5,1.2,1.2,1.2,3,9.0,9.5,10.0,2,1.50,나쁨
20210713,SK5,완도-제주,송림블루오션,카페리,20210713,AM,5.0,1,2374,4,0.9,0.9,0.9,4,4.2,4.3,5.2,3,3.18,보통
20210713,SK5,완도-제주,송림블루오션,카페리,20210713,PM,5.0,1,2374,4,0.9,0.9,1.0,3,2.6,4.1,5.4,3,2.73,보통
20210713,SK5,완도-제주,한일블루나래,쾌속카페리,20210713,AM,1.7,3,1605,4,0.9,0.9,0.9,4,4.2,4.3,5.2,3,3.58,좋음
20210713,SK5,완도-제주,한일블루나래,쾌속카페리,20210713,PM,1.7,3,1605,4,0.9,0.9,1.0,3,2.6,4.1,5.4,3,3.13,보통
20210713,SK5,완도-제주,실버클라우드,카페리,20210713,AM,2.7,2,20263,5,0.9,0.9,0.9,4,4.2,4.3,5.2,3,3.50,좋음
20210713,SK5,완도-제주,실버클라우드,카페리,20210713,PM,2.7,2,20263,5,0.9,0.9,1.0,3,2.6,4.1,5.4,3,3.05,보통
20210713,SK16,완도-청산,퀸청산,고속선,20210713,AM,0.8,4,997,3,0.6,0.7,0.7,4,4.2,4.3,4.7,4,3.88,좋음
20210713,SK16,완도-청산,퀸청산,고속선,20210713,PM,0.8,4,997,3,0.7,0.7,0.8,4,2.0,4.1,5.8,3,3.65,좋음
20210713,SK16,완도-청산,청산아일랜드,고속선,20210713,AM,0.8,4,498,2,0.6,0.7,0.7,4,4.2,4.3,4.7,4,3.75,좋음
20210713,SK16,완도-청산,청산아일랜드,고속선,20210713,PM,0.8,4,498,2,0.7,0.7,0.8,4,2.0,4.1,5.8,3,3.53,좋음
20210713,SK6,녹동-제주,아리온제주,카페리,20210713,AM,3.8,1,6266,5,0.7,0.7,0.8,4,3.5,4.3,5.2,3,3.30,보통
20210713,SK6,녹동-제주,아리온제주,카페리,20210713,PM,3.8,1,6266,5,0.8,0.8,0.9,4,4.5,4.8,5.4,3,3.30,보통
20210713,SK22,여수-제주,한일골드스텔라,카페리,20210713,AM,5.0,1,15195,5,0.9,0.9,0.9,4,3.8,5.3,6.2,3,3.30,보통
20210713,SK22,여수-제주,한일골드스텔라,카페리,20210713,PM,5.0,1,15195,5,0.8,0.9,0.9,4,5.9,6.8,8.4,3,3.30,보통
20210713,SK17,통영-소매물,한솔1,고속선,20210713,AM,1.7,3,128,2,0.7,0.7,0.7,4,3.8,4.4,5.6,3,3.33,보통
20210713,SK17,통영-소매물,한솔1,고속선,20210713,PM,1.7,3,128,2,0.7,0.7,0.7,4,5.3,5.6,6.2,3,3.33,보통
20210713,SK17,통영-소매물,한솔2,고속선,20210713,AM,1.7,3,109,2,0.7,0.7,0.7,4,3.8,4.4,5.6,3,3.33,보통
20210713,SK17,통영-소매물,한솔2,고속선,20210713,PM,1.7,3,109,2,0.7,0.7,0.7,4,5.3,5.6,6.2,3,3.33,보통
20210713,SK10,부산-제주,뉴스타,일반카페리,20210713,AM,12.0,1,9997,5,0.9,0.9,0.9,4,5.7,5.7,7.2,3,3.30,보통
20210713,SK10,부산-제주,뉴스타,일반카페리,20210713,PM,12.0,1,9997,5,0.9,0.9,0.9,4,7.3,8.3,9.3,2,1.50,나쁨
20210713,SK11,부산-대마,오션플라워,초쾌속선,20210713,AM,1.2,4,445,2,0.7,0.7,0.7,4,5.0,5.9,6.8,3,3.53,좋음
20210713,SK11,부산-대마,오션플라워,초쾌속선,20210713,PM,1.2,4,445,2,0.7,0.7,0.7,4,6.9,7.1,7.4,3,3.53,좋음
20210713,SK11,부산-대마,니나,초쾌속선,20210713,AM,1.5,3,364,2,0.7,0.7,0.7,4,5.0,5.9,6.8,3,3.33,보통
20210713,SK11,부산-대마,니나,초쾌속선,20210713,PM,1.5,3,364,2,0.7,0.7,0.7,4,6.9,7.1,7.4,3,3.33,보통
20210713,SK11,부산-대마,비틀(대마),초쾌속선,20210713,AM,1.5,3,164,2,0.7,0.7,0.7,4,5.0,5.9,6.8,3,3.33,보통
20210713,SK11,부산-대마,비틀(대마),초쾌속선,20210713,PM,1.5,3,164,2,0.7,0.7,0.7,4,6.9,7.1,7.4,3,3.33,보통
20210713,SK12,부산-후쿠오카,뉴카멜리아,카페리,20210713,AM,9.0,1,19961,5,0.7,0.7,0.8,4,5.1,6.3,7.1,3,3.30,보통
20210713,SK12,부산-후쿠오카,뉴카멜리아,카페리,20210713,PM,9.0,1,19961,5,0.7,0.7,0.8,4,6.5,7.0,7.4,3,3.30,보통
20210713,SK12,부산-후쿠오카,코비(후쿠오카),초쾌속선,20210713,AM,3.5,1,162,2,0.7,0.7,0.8,4,5.1,6.3,7.1,3,2.93,보통
20210713,SK12,부산-후쿠오카,코비(후쿠오카),초쾌속선,20210713,PM,3.5,1,162,2,0.7,0.7,0.8,4,6.5,7.0,7.4,3,2.93,보통
20210713,SK12,부산-후쿠오카,비틀(후쿠오카),초쾌속선,20210713,AM,3.5,1,164,2,0.7,0.7,0.8,4,5.1,6.3,7.1,3,2.93,보통
20210713,SK12,부산-후쿠오카,비틀(후쿠오카),초쾌속선,20210713,PM,3.5,1,164,2,0.7,0.7,0.8,4,6.5,7.0,7.4,3,2.93,보통
20210713,SK13,부산-오사카,팬스타,카페리,20210713,AM,19.0,1,21688,5,0.7,0.7,0.8,4,5.2,5.4,6.9,3,3.30,보통
20210713,SK13,부산-오사카,팬스타,카페리,20210713,PM,19.0,1,21688,5,0.7,0.7,0.8,4,7.2,7.5,7.8,3,3.30,보통
20210713,SK7,포항-울릉,엘도라도,초쾌속선,20210713,AM,3.2,1,668,3,0.4,0.4,0.4,5,2.4,2.9,4.7,4,3.73,좋음
20210713,SK7,포항-울릉,엘도라도,초쾌속선,20210713,PM,3.2,1,668,3,0.4,0.5,0.6,4,3.8,5.1,5.7,3,3.05,보통
20210713,SK7,포항-울릉,썬라이즈,초쾌속선,20210713,AM,3.2,1,388,2,0.4,0.4,0.4,5,2.4,2.9,4.7,4,3.60,좋음
20210713,SK7,포항-울릉,썬라이즈,초쾌속선,20210713,PM,3.2,1,388,2,0.4,0.5,0.6,4,3.8,5.1,5.7,3,2.93,보통
20210713,SK23,후포-울릉,씨플라워,초쾌속선,20210713,AM,2.5,2,388,2,0.3,0.3,0.3,5,2.3,3.0,3.9,4,3.80,좋음
20210713,SK23,후포-울릉,씨플라워,초쾌속선,20210713,PM,2.5,2,388,2,0.3,0.4,0.4,5,3.1,3.5,3.8,4,3.80,좋음
20210713,SK8,강릉-울릉,씨스타11,초쾌속선,20210713,AM,3.0,1,420,2,0.2,0.3,0.3,5,2.6,3.8,4.8,4,3.60,좋음
20210713,SK8,강릉-울릉,씨스타11,초쾌속선,20210713,PM,3.0,1,420,2,0.2,0.3,0.3,5,4.8,5.5,5.9,3,3.38,보통
20210713,SK8,강릉-울릉,씨스타5,초쾌속선,20210713,AM,3.0,1,388,2,0.2,0.3,0.3,5,2.6,3.8,4.8,4,3.60,좋음
20210713,SK8,강릉-울릉,씨스타5,초쾌속선,20210713,PM,3.0,1,388,2,0.2,0.3,0.3,5,4.8,5.5,5.9,3,3.38,보통
20210713,SK9,묵호-울릉,씨스타1,초쾌속선,20210713,AM,2.7,2,388,2,0.2,0.3,0.3,5,2.9,3.6,4.1,4,3.80,좋음
20210713,SK9,묵호-울릉,씨스타1,초쾌속선,20210713,PM,2.7,2,388,2,0.2,0.3,0.3,5,3.9,4.2,4.4,4,3.80,좋음
20210713,SK9,묵호-울릉,씨스타3,쾌속카페리,20210713,AM,2.7,2,550,3,0.2,0.3,0.3,5,2.9,3.6,4.1,4,3.92,좋음
20210713,SK9,묵호-울릉,씨스타3,쾌속카페리,20210713,PM,2.7,2,550,3,0.2,0.3,0.3,5,3.9,4.2,4.4,4,3.92,좋음
20210713,SK1,인천-백령,하모니플라워,쾌속카페리,20210714,AM,3.7,1,2071,4,1.6,1.6,1.6,3,8.7,9.3,10.3,2,1.50,나쁨
20210713,SK1,인천-백령,하모니플라워,쾌속카페리,20210714,PM,3.7,1,2071,4,1.6,1.6,1.6,3,7.6,8.2,9.6,2,1.50,나쁨
20210713,SK1,인천-백령,코리아킹,초쾌속선,20210714,AM,3.7,1,534,3,1.6,1.6,1.6,3,8.7,9.3,10.3,2,1.50,나쁨
20210713,SK1,인천-백령,코리아킹,초쾌속선,20210714,PM,3.7,1,534,3,1.6,1.6,1.6,3,7.6,8.2,9.6,2,1.50,나쁨
20210713,SK2,인천-연평,플라잉카페리,쾌속카페리,20210714,AM,2.0,3,573,3,1.1,1.1,1.1,3,7.1,8.0,8.8,3,3.00,보통
20210713,SK2,인천-연평,플라잉카페리,쾌속카페리,20210714,PM,2.0,3,573,3,1.1,1.2,1.2,3,7.0,7.7,8.7,3,3.00,보통
20210713,SK19,인천-단동,동방명주6,카페리,20210714,AM,16.0,1,16537,5,2.0,2.0,2.0,2,11.0,12.2,12.7,2,1.50,나쁨
20210713,SK19,인천-단동,동방명주6,카페리,20210714,PM,16.0,1,16537,5,1.8,1.9,2.0,2,10.1,11.1,12.7,2,1.50,나쁨
20210713,SK20,인천-석도,화동명주8,카페리,20210714,AM,14.0,1,35092,5,1.8,1.8,1.8,3,9.5,9.8,10.1,2,1.50,나쁨
20210713,SK20,인천-석도,화동명주8,카페리,20210714,PM,14.0,1,35092,5,1.7,1.8,1.8,3,8.9,9.4,10.0,2,1.50,나쁨
20210713,SK21,대천-외연,웨스트프론티어,일반선,20210714,AM,2.2,3,140,2,1.1,1.1,1.1,3,6.3,6.6,6.8,3,2.88,보통
20210713,SK21,대천-외연,웨스트프론티어,일반선,20210714,PM,2.2,3,140,2,1.1,1.1,1.1,3,4.5,5.1,5.8,3,2.88,보통
20210713,SK3,군산-어청,뉴어청훼리,고속선,20210714,AM,2.7,2,121,2,1.2,1.2,1.2,3,8.0,8.4,8.9,3,2.68,보통
20210713,SK3,군산-어청,뉴어청훼리,고속선,20210714,PM,2.7,2,121,2,1.2,1.2,1.2,3,6.1,7.0,7.8,3,2.68,보통
20210713,SK14,격포-위도,파장금카페리,고속선,20210714,AM,0.8,4,322,2,0.3,0.3,0.3,5,6.5,7.1,8.0,3,3.97,좋음
20210713,SK14,격포-위도,파장금카페리,고속선,20210714,PM,0.8,4,322,2,0.3,0.3,0.4,5,6.7,7.1,7.6,3,3.97,좋음
20210713,SK18,목포-홍도,뉴골드스타,초쾌속선,20210714,AM,2.5,2,308,2,1.4,1.4,1.4,3,8.7,9.0,9.4,2,1.50,나쁨
20210713,SK18,목포-홍도,뉴골드스타,초쾌속선,20210714,PM,2.5,2,308,2,1.3,1.3,1.4,3,8.3,8.8,9.3,2,1.50,나쁨
20210713,SK18,목포-홍도,남해엔젤,초쾌속선,20210714,AM,2.5,2,319,2,1.4,1.4,1.4,3,8.7,9.0,9.4,2,1.50,나쁨
20210713,SK18,목포-홍도,남해엔젤,초쾌속선,20210714,PM,2.5,2,319,2,1.3,1.3,1.4,3,8.3,8.8,9.3,2,1.50,나쁨
20210713,SK4,목포-제주,퀸제누비아,카페리,20210714,AM,4.5,1,27391,5,1.1,1.1,1.2,3,6.6,7.2,7.6,3,2.85,보통
20210713,SK4,목포-제주,퀸제누비아,카페리,20210714,PM,4.5,1,27391,5,1.0,1.0,1.1,3,7.4,7.6,7.9,3,2.85,보통
20210713,SK4,목포-제주,퀸메리,카페리,20210714,AM,4.5,1,13665,5,1.1,1.1,1.2,3,6.6,7.2,7.6,3,2.85,보통
20210713,SK4,목포-제주,퀸메리,카페리,20210714,PM,4.5,1,13665,5,1.0,1.0,1.1,3,7.4,7.6,7.9,3,2.85,보통
20210713,SK5,완도-제주,송림블루오션,카페리,20210714,AM,5.0,1,2374,4,0.8,0.9,0.9,4,3.4,3.6,4.8,4,3.40,보통
20210713,SK5,완도-제주,송림블루오션,카페리,20210714,PM,5.0,1,2374,4,0.8,0.8,0.8,4,3.9,4.5,5.2,3,3.18,보통
20210713,SK5,완도-제주,한일블루나래,쾌속카페리,20210714,AM,1.7,3,1605,4,0.8,0.9,0.9,4,3.4,3.6,4.8,4,3.80,좋음
20210713,SK5,완도-제주,한일블루나래,쾌속카페리,20210714,PM,1.7,3,1605,4,0.8,0.8,0.8,4,3.9,4.5,5.2,3,3.58,좋음
20210713,SK5,완도-제주,실버클라우드,카페리,20210714,AM,2.7,2,20263,5,0.8,0.9,0.9,4,3.4,3.6,4.8,4,3.73,좋음
20210713,SK5,완도-제주,실버클라우드,카페리,20210714,PM,2.7,2,20263,5,0.8,0.8,0.8,4,3.9,4.5,5.2,3,3.50,좋음
20210713,SK16,완도-청산,퀸청산,고속선,20210714,AM,0.8,4,997,3,0.7,0.7,0.7,4,3.8,4.3,5.1,3,3.65,좋음
20210713,SK16,완도-청산,퀸청산,고속선,20210714,PM,0.8,4,997,3,0.6,0.7,0.7,4,3.9,4.5,5.5,3,3.65,좋음
20210713,SK16,완도-청산,청산아일랜드,고속선,20210714,AM,0.8,4,498,2,0.7,0.7,0.7,4,3.8,4.3,5.1,3,3.53,좋음
20210713,SK16,완도-청산,청산아일랜드,고속선,20210714,PM,0.8,4,498,2,0.6,0.7,0.7,4,3.9,4.5,5.5,3,3.53,좋음
20210713,SK6,녹동-제주,아리온제주,카페리,20210714,AM,3.8,1,6266,5,0.7,0.7,0.7,4,4.1,4.9,5.7,3,3.30,보통
20210713,SK6,녹동-제주,아리온제주,카페리,20210714,PM,3.8,1,6266,5,0.7,0.7,0.7,4,5.1,5.5,6.4,3,3.30,보통
20210713,SK22,여수-제주,한일골드스텔라,카페리,20210714,AM,5.0,1,15195,5,0.7,0.7,0.8,4,4.3,4.8,5.7,3,3.30,보통
20210713,SK22,여수-제주,한일골드스텔라,카페리,20210714,PM,5.0,1,15195,5,0.7,0.7,0.8,4,4.6,5.2,5.7,3,3.30,보통
20210713,SK17,통영-소매물,한솔1,고속선,20210714,AM,1.7,3,128,2,0.6,0.6,0.6,4,4.1,4.5,5.2,3,3.33,보통
20210713,SK17,통영-소매물,한솔1,고속선,20210714,PM,1.7,3,128,2,0.5,0.6,0.6,4,4.2,4.7,5.3,3,3.33,보통
20210713,SK17,통영-소매물,한솔2,고속선,20210714,AM,1.7,3,109,2,0.6,0.6,0.6,4,4.1,4.5,5.2,3,3.33,보통
20210713,SK17,통영-소매물,한솔2,고속선,20210714,PM,1.7,3,109,2,0.5,0.6,0.6,4,4.2,4.7,5.3,3,3.33,보통
20210713,SK10,부산-제주,뉴스타,일반카페리,20210714,AM,12.0,1,9997,5,0.7,0.8,0.8,4,6.5,7.0,7.3,3,3.30,보통
20210713,SK10,부산-제주,뉴스타,일반카페리,20210714,PM,12.0,1,9997,5,0.7,0.7,0.7,4,6.2,6.7,7.5,3,3.30,보통
20210713,SK11,부산-대마,오션플라워,초쾌속선,20210714,AM,1.2,4,445,2,0.7,0.7,0.7,4,4.6,5.7,7.2,3,3.53,좋음
20210713,SK11,부산-대마,오션플라워,초쾌속선,20210714,PM,1.2,4,445,2,0.6,0.7,0.7,4,5.9,6.5,7.2,3,3.53,좋음
20210713,SK11,부산-대마,니나,초쾌속선,20210714,AM,1.5,3,364,2,0.7,0.7,0.7,4,4.6,5.7,7.2,3,3.33,보통
20210713,SK11,부산-대마,니나,초쾌속선,20210714,PM,1.5,3,364,2,0.6,0.7,0.7,4,5.9,6.5,7.2,3,3.33,보통
20210713,SK11,부산-대마,비틀(대마),초쾌속선,20210714,AM,1.5,3,164,2,0.7,0.7,0.7,4,4.6,5.7,7.2,3,3.33,보통
20210713,SK11,부산-대마,비틀(대마),초쾌속선,20210714,PM,1.5,3,164,2,0.6,0.7,0.7,4,5.9,6.5,7.2,3,3.33,보통
20210713,SK12,부산-후쿠오카,뉴카멜리아,카페리,20210714,AM,9.0,1,19961,5,0.7,0.7,0.7,4,3.9,4.5,5.4,3,3.30,보통
20210713,SK12,부산-후쿠오카,뉴카멜리아,카페리,20210714,PM,9.0,1,19961,5,0.7,0.7,0.7,4,4.8,5.4,5.8,3,3.30,보통
20210713,SK12,부산-후쿠오카,코비(후쿠오카),초쾌속선,20210714,AM,3.5,1,162,2,0.7,0.7,0.7,4,3.9,4.5,5.4,3,2.93,보통
20210713,SK12,부산-후쿠오카,코비(후쿠오카),초쾌속선,20210714,PM,3.5,1,162,2,0.7,0.7,0.7,4,4.8,5.4,5.8,3,2.93,보통
20210713,SK12,부산-후쿠오카,비틀(후쿠오카),초쾌속선,20210714,AM,3.5,1,164,2,0.7,0.7,0.7,4,3.9,4.5,5.4,3,2.93,보통
20210713,SK12,부산-후쿠오카,비틀(후쿠오카),초쾌속선,20210714,PM,3.5,1,164,2,0.7,0.7,0.7,4,4.8,5.4,5.8,3,2.93,보통
20210713,SK13,부산-오사카,팬스타,카페리,20210714,AM,19.0,1,21688,5,0.7,0.7,0.7,4,5.0,5.5,6.5,3,3.30,보통
20210713,SK13,부산-오사카,팬스타,카페리,20210714,PM,19.0,1,21688,5,0.6,0.7,0.7,4,5.4,6.3,6.8,3,3.30,보통
20210713,SK7,포항-울릉,엘도라도,초쾌속선,20210714,AM,3.2,1,668,3,0.4,0.4,0.4,5,3.7,3.9,4.2,4,3.73,좋음
20210713,SK7,포항-울릉,엘도라도,초쾌속선,20210714,PM,3.2,1,668,3,0.2,0.3,0.4,5,3.9,4.6,5.4,3,3.50,좋음
20210713,SK7,포항-울릉,썬라이즈,초쾌속선,20210714,AM,3.2,1,388,2,0.4,0.4,0.4,5,3.7,3.9,4.2,4,3.60,좋음
20210713,SK7,포항-울릉,썬라이즈,초쾌속선,20210714,PM,3.2,1,388,2,0.2,0.3,0.4,5,3.9,4.6,5.4,3,3.38,보통
20210713,SK23,후포-울릉,씨플라워,초쾌속선,20210714,AM,2.5,2,388,2,0.4,0.4,0.4,5,3.1,3.4,3.9,4,3.80,좋음
20210713,SK23,후포-울릉,씨플라워,초쾌속선,20210714,PM,2.5,2,388,2,0.2,0.3,0.4,5,3.5,3.7,4.2,4,3.80,좋음
20210713,SK8,강릉-울릉,씨스타11,초쾌속선,20210714,AM,3.0,1,420,2,0.3,0.3,0.4,5,4.3,4.5,4.9,4,3.60,좋음
20210713,SK8,강릉-울릉,씨스타11,초쾌속선,20210714,PM,3.0,1,420,2,0.3,0.3,0.3,5,4.2,5.2,6.4,3,3.38,보통
20210713,SK8,강릉-울릉,씨스타5,초쾌속선,20210714,AM,3.0,1,388,2,0.3,0.3,0.4,5,4.3,4.5,4.9,4,3.60,좋음
20210713,SK8,강릉-울릉,씨스타5,초쾌속선,20210714,PM,3.0,1,388,2,0.3,0.3,0.3,5,4.2,5.2,6.4,3,3.38,보통
20210713,SK9,묵호-울릉,씨스타1,초쾌속선,20210714,AM,2.7,2,388,2,0.3,0.4,0.4,5,4.0,4.3,4.5,4,3.80,좋음
20210713,SK9,묵호-울릉,씨스타1,초쾌속선,20210714,PM,2.7,2,388,2,0.2,0.3,0.3,5,4.1,4.5,5.0,4,3.80,좋음
20210713,SK9,묵호-울릉,씨스타3,쾌속카페리,20210714,AM,2.7,2,550,3,0.3,0.4,0.4,5,4.0,4.3,4.5,4,3.92,좋음
20210713,SK9,묵호-울릉,씨스타3,쾌속카페리,20210714,PM,2.7,2,550,3,0.2,0.3,0.3,5,4.1,4.5,5.0,4,3.92,좋음
20210713,SK1,인천-백령,하모니플라워,쾌속카페리,20210715,AM,3.7,1,2071,4,1.2,1.3,1.3,3,6.8,7.4,7.8,3,2.73,보통
20210713,SK1,인천-백령,하모니플라워,쾌속카페리,20210715,PM,3.7,1,2071,4,1.1,1.2,1.2,3,7.4,7.6,8.0,3,2.73,보통
20210713,SK1,인천-백령,코리아킹,초쾌속선,20210715,AM,3.7,1,534,3,1.2,1.3,1.3,3,6.8,7.4,7.8,3,2.60,보통
20210713,SK1,인천-백령,코리아킹,초쾌속선,20210715,PM,3.7,1,534,3,1.1,1.2,1.2,3,7.4,7.6,8.0,3,2.60,보통
20210713,SK2,인천-연평,플라잉카페리,쾌속카페리,20210715,AM,2.0,3,573,3,0.9,0.9,0.9,4,6.3,6.8,7.0,3,3.45,보통
20210713,SK2,인천-연평,플라잉카페리,쾌속카페리,20210715,PM,2.0,3,573,3,0.8,0.8,0.9,4,5.5,6.2,6.7,3,3.45,보통
20210713,SK19,인천-단동,동방명주6,카페리,20210715,AM,16.0,1,16537,5,1.4,1.5,1.5,3,7.7,8.7,10.1,2,1.50,나쁨
20210713,SK19,인천-단동,동방명주6,카페리,20210715,PM,16.0,1,16537,5,1.3,1.4,1.4,3,8.6,9.1,9.4,2,1.50,나쁨
20210713,SK20,인천-석도,화동명주8,카페리,20210715,AM,14.0,1,35092,5,1.4,1.5,1.5,3,7.8,8.6,9.4,2,1.50,나쁨
20210713,SK20,인천-석도,화동명주8,카페리,20210715,PM,14.0,1,35092,5,1.4,1.4,1.4,3,8.0,8.2,8.6,3,2.85,보통
20210713,SK21,대천-외연,웨스트프론티어,일반선,20210715,AM,2.2,3,140,2,0.8,0.8,0.8,4,4.7,5.4,5.9,3,3.33,보통
20210713,SK21,대천-외연,웨스트프론티어,일반선,20210715,PM,2.2,3,140,2,0.7,0.7,0.8,4,4.0,4.6,5.0,4,3.55,좋음
20210713,SK3,군산-어청,뉴어청훼리,고속선,20210715,AM,2.7,2,121,2,0.8,0.8,0.9,4,5.4,5.8,6.3,3,3.12,보통
20210713,SK3,군산-어청,뉴어청훼리,고속선,20210715,PM,2.7,2,121,2,0.7,0.8,0.8,4,5.0,5.3,5.8,3,3.12,보통
20210713,SK14,격포-위도,파장금카페리,고속선,20210715,AM,0.8,4,322,2,0.2,0.2,0.2,5,3.6,4.2,5.1,3,3.97,좋음
20210713,SK14,격포-위도,파장금카페리,고속선,20210715,PM,0.8,4,322,2,0.2,0.2,0.2,5,4.3,4.6,5.4,3,3.97,좋음
20210713,SK18,목포-홍도,뉴골드스타,초쾌속선,20210715,AM,2.5,2,308,2,0.9,0.9,1.0,3,5.6,6.1,6.4,3,2.68,보통
20210713,SK18,목포-홍도,뉴골드스타,초쾌속선,20210715,PM,2.5,2,308,2,0.7,0.8,0.9,4,5.6,5.9,6.6,3,3.12,보통
20210713,SK18,목포-홍도,남해엔젤,초쾌속선,20210715,AM,2.5,2,319,2,0.9,0.9,1.0,3,5.6,6.1,6.4,3,2.68,보통
20210713,SK18,목포-홍도,남해엔젤,초쾌속선,20210715,PM,2.5,2,319,2,0.7,0.8,0.9,4,5.6,5.9,6.6,3,3.12,보통
20210713,SK4,목포-제주,퀸제누비아,카페리,20210715,AM,4.5,1,27391,5,0.7,0.7,0.8,4,3.6,4.4,4.8,4,3.53,좋음
20210713,SK4,목포-제주,퀸제누비아,카페리,20210715,PM,4.5,1,27391,5,0.6,0.7,0.7,4,3.6,4.3,5.3,3,3.30,보통
20210713,SK4,목포-제주,퀸메리,카페리,20210715,AM,4.5,1,13665,5,0.7,0.7,0.8,4,3.6,4.4,4.8,4,3.53,좋음
20210713,SK4,목포-제주,퀸메리,카페리,20210715,PM,4.5,1,13665,5,0.6,0.7,0.7,4,3.6,4.3,5.3,3,3.30,보통
20210713,SK5,완도-제주,송림블루오션,카페리,20210715,AM,5.0,1,2374,4,0.5,0.5,0.6,4,4.3,4.6,5.0,4,3.40,보통
20210713,SK5,완도-제주,송림블루오션,카페리,20210715,PM,5.0,1,2374,4,0.5,0.5,0.6,4,4.1,4.9,6.3,3,3.18,보통
20210713,SK5,완도-제주,한일블루나래,쾌속카페리,20210715,AM,1.7,3,1605,4,0.5,0.5,0.6,4,4.3,4.6,5.0,4,3.80,좋음
20210713,SK5,완도-제주,한일블루나래,쾌속카페리,20210715,PM,1.7,3,1605,4,0.5,0.5,0.6,4,4.1,4.9,6.3,3,3.58,좋음
20210713,SK5,완도-제주,실버클라우드,카페리,20210715,AM,2.7,2,20263,5,0.5,0.5,0.6,4,4.3,4.6,5.0,4,3.73,좋음
20210713,SK5,완도-제주,실버클라우드,카페리,20210715,PM,2.7,2,20263,5,0.5,0.5,0.6,4,4.1,4.9,6.3,3,3.50,좋음
20210713,SK16,완도-청산,퀸청산,고속선,20210715,AM,0.8,4,997,3,0.4,0.4,0.5,4,2.0,3.5,4.9,4,3.88,좋음
20210713,SK16,완도-청산,퀸청산,고속선,20210715,PM,0.8,4,997,3,0.4,0.4,0.4,5,3.5,4.4,5.8,3,4.10,좋음
20210713,SK16,완도-청산,청산아일랜드,고속선,20210715,AM,0.8,4,498,2,0.4,0.4,0.5,4,2.0,3.5,4.9,4,3.75,좋음
20210713,SK16,완도-청산,청산아일랜드,고속선,20210715,PM,0.8,4,498,2,0.4,0.4,0.4,5,3.5,4.4,5.8,3,3.97,좋음
20210713,SK6,녹동-제주,아리온제주,카페리,20210715,AM,3.8,1,6266,5,0.4,0.4,0.4,5,3.9,4.3,4.8,4,3.98,좋음
20210713,SK6,녹동-제주,아리온제주,카페리,20210715,PM,3.8,1,6266,5,0.4,0.5,0.6,4,3.7,5.1,6.9,3,3.30,보통
20210713,SK22,여수-제주,한일골드스텔라,카페리,20210715,AM,5.0,1,15195,5,0.4,0.4,0.4,5,3.7,4.2,4.9,4,3.98,좋음
20210713,SK22,여수-제주,한일골드스텔라,카페리,20210715,PM,5.0,1,15195,5,0.3,0.3,0.4,5,3.3,4.6,6.6,3,3.75,좋음
20210713,SK17,통영-소매물,한솔1,고속선,20210715,AM,1.7,3,128,2,0.4,0.4,0.4,5,3.7,4.6,5.4,3,3.77,좋음
20210713,SK17,통영-소매물,한솔1,고속선,20210715,PM,1.7,3,128,2,0.4,0.4,0.4,5,3.2,4.2,5.2,3,3.77,좋음
20210713,SK17,통영-소매물,한솔2,고속선,20210715,AM,1.7,3,109,2,0.4,0.4,0.4,5,3.7,4.6,5.4,3,3.77,좋음
20210713,SK17,통영-소매물,한솔2,고속선,20210715,PM,1.7,3,109,2,0.4,0.4,0.4,5,3.2,4.2,5.2,3,3.77,좋음
20210713,SK10,부산-제주,뉴스타,일반카페리,20210715,AM,12.0,1,9997,5,0.5,0.5,0.5,4,3.8,4.1,4.4,4,3.53,좋음
20210713,SK10,부산-제주,뉴스타,일반카페리,20210715,PM,12.0,1,9997,5,0.4,0.5,0.5,4,2.7,3.5,4.2,4,3.53,좋음
20210713,SK11,부산-대마,오션플라워,초쾌속선,20210715,AM,1.2,4,445,2,0.5,0.5,0.5,4,3.3,3.7,3.8,4,3.75,좋음
20210713,SK11,부산-대마,오션플라워,초쾌속선,20210715,PM,1.2,4,445,2,0.4,0.5,0.5,4,2.7,2.8,3.5,4,3.75,좋음
20210713,SK11,부산-대마,니나,초쾌속선,20210715,AM,1.5,3,364,2,0.5,0.5,0.5,4,3.3,3.7,3.8,4,3.55,좋음
20210713,SK11,부산-대마,니나,초쾌속선,20210715,PM,1.5,3,364,2,0.4,0.5,0.5,4,2.7,2.8,3.5,4,3.55,좋음
20210713,SK11,부산-대마,비틀(대마),초쾌속선,20210715,AM,1.5,3,164,2,0.5,0.5,0.5,4,3.3,3.7,3.8,4,3.55,좋음
20210713,SK11,부산-대마,비틀(대마),초쾌속선,20210715,PM,1.5,3,164,2,0.4,0.5,0.5,4,2.7,2.8,3.5,4,3.55,좋음
20210713,SK12,부산-후쿠오카,뉴카멜리아,카페리,20210715,AM,9.0,1,19961,5,0.5,0.5,0.5,4,2.7,2.9,3.5,4,3.53,좋음
20210713,SK12,부산-후쿠오카,뉴카멜리아,카페리,20210715,PM,9.0,1,19961,5,0.4,0.5,0.6,4,3.7,4.0,4.9,4,3.53,좋음
20210713,SK12,부산-후쿠오카,코비(후쿠오카),초쾌속선,20210715,AM,3.5,1,162,2,0.5,0.5,0.5,4,2.7,2.9,3.5,4,3.15,보통
20210713,SK12,부산-후쿠오카,코비(후쿠오카),초쾌속선,20210715,PM,3.5,1,162,2,0.4,0.5,0.6,4,3.7,4.0,4.9,4,3.15,보통
20210713,SK12,부산-후쿠오카,비틀(후쿠오카),초쾌속선,20210715,AM,3.5,1,164,2,0.5,0.5,0.5,4,2.7,2.9,3.5,4,3.15,보통
20210713,SK12,부산-후쿠오카,비틀(후쿠오카),초쾌속선,20210715,PM,3.5,1,164,2,0.4,0.5,0.6,4,3.7,4.0,4.9,4,3.15,보통
20210713,SK13,부산-오사카,팬스타,카페리,20210715,AM,19.0,1,21688,5,0.5,0.5,0.5,4,3.5,3.7,4.1,4,3.53,좋음
20210713,SK13,부산-오사카,팬스타,카페리,20210715,PM,19.0,1,21688,5,0.4,0.5,0.5,4,2.6,3.5,5.4,3,3.30,보통
20210713,SK7,포항-울릉,엘도라도,초쾌속선,20210715,AM,3.2,1,668,3,0.2,0.2,0.2,5,3.5,4.1,4.9,4,3.73,좋음
20210713,SK7,포항-울릉,엘도라도,초쾌속선,20210715,PM,3.2,1,668,3,0.2,0.2,0.2,5,3.0,3.7,5.4,3,3.50,좋음
20210713,SK7,포항-울릉,썬라이즈,초쾌속선,20210715,AM,3.2,1,388,2,0.2,0.2,0.2,5,3.5,4.1,4.9,4,3.60,좋음
20210713,SK7,포항-울릉,썬라이즈,초쾌속선,20210715,PM,3.2,1,388,2,0.2,0.2,0.2,5,3.0,3.7,5.4,3,3.38,보통
20210713,SK23,후포-울릉,씨플라워,초쾌속선,20210715,AM,2.5,2,388,2,0.2,0.2,0.2,5,3.8,4.4,5.2,3,3.57,좋음
20210713,SK23,후포-울릉,씨플라워,초쾌속선,20210715,PM,2.5,2,388,2,0.2,0.2,0.2,5,2.9,3.9,5.4,3,3.57,좋음
20210713,SK8,강릉-울릉,씨스타11,초쾌속선,20210715,AM,3.0,1,420,2,0.2,0.3,0.3,5,5.7,6.3,6.9,3,3.38,보통
20210713,SK8,강릉-울릉,씨스타11,초쾌속선,20210715,PM,3.0,1,420,2,0.2,0.2,0.3,5,7.0,7.2,7.3,3,3.38,보통
20210713,SK8,강릉-울릉,씨스타5,초쾌속선,20210715,AM,3.0,1,388,2,0.2,0.3,0.3,5,5.7,6.3,6.9,3,3.38,보통
20210713,SK8,강릉-울릉,씨스타5,초쾌속선,20210715,PM,3.0,1,388,2,0.2,0.2,0.3,5,7.0,7.2,7.3,3,3.38,보통
20210713,SK9,묵호-울릉,씨스타1,초쾌속선,20210715,AM,2.7,2,388,2,0.2,0.2,0.3,5,5.0,5.4,5.7,3,3.57,좋음
20210713,SK9,묵호-울릉,씨스타1,초쾌속선,20210715,PM,2.7,2,388,2,0.2,0.2,0.2,5,4.8,5.1,5.8,3,3.57,좋음
20210713,SK9,묵호-울릉,씨스타3,쾌속카페리,20210715,AM,2.7,2,550,3,0.2,0.2,0.3,5,5.0,5.4,5.7,3,3.70,좋음
20210713,SK9,묵호-울릉,씨스타3,쾌속카페리,20210715,PM,2.7,2,550,3,0.2,0.2,0.2,5,4.8,5.1,5.8,3,3.70,좋음
